uid,project_name,risk_score,archetype_id,archetype_label
400254,Sakri-Hasanpur 79 km,68.82945333766237,0,Cost already revised upward (%) + Time elapsed vs. planned duration + Original planned duration (months)
400012,Kandla Gorakhpur LPG Pipeline,66.36789781051058,0,Cost already revised upward (%) + Time elapsed vs. planned duration + Original planned duration (months)
618357,Construction of 2 -Lane with paved shoulders road from Tamenglong to Mahur NH- 137 in Manipur starting from km 54.180 near Azuram to km 80.630 near Mandeu on EPC Mode Package 5,63.67451441761145,0,Cost already revised upward (%) + Time elapsed vs. planned duration + Original planned duration (months)
618303,Widening/Improvement to 2-lane with earthen shoulder of Yaingangpokpi - Finch corner road section of NH-202 from Km 0.000 to Km 16.900 of NH-202 in the state of Manipur on EPC mode Package-1,61.87094704097069,0,Cost already revised upward (%) + Time elapsed vs. planned duration + Original planned duration (months)
618355,"Construction of of 2 -Lane with paved shoulders road from Tamenglong-Tousem- Lisang-Mahur Road NH-137 starting near Dialong Village from km 10.000 at Dialong to km 31.430 near Old Tamenglong , near Barak River on EPC Mode Package-2",59.03024284184285,0,Cost already revised upward (%) + Time elapsed vs. planned duration + Original planned duration (months)
707052,Establishment of new GMC Handwara [Distt. Kupwara],58.963427251157526,0,Cost already revised upward (%) + Time elapsed vs. planned duration + Original planned duration (months)
602525,"Pakal Dul [Drangdhuran] Hydroelectric Project, 1000 MW",58.92298319273112,0,Cost already revised upward (%) + Time elapsed vs. planned duration + Original planned duration (months)
618429,Construction & upgradation of existing road to 2-lane with paved shoulder including geometric improvement of sect. from Pedong bypass to Reshi Border km 79.700 to km 96.254 of NH-717A under SARDP-NE-A on EPC as part of Alternate connectivity to Gangtok Lava More-Reshi Border Pkg-VB,57.92813925833178,0,Cost already revised upward (%) + Time elapsed vs. planned duration + Original planned duration (months)
618442,"Construction of Balance Work of the 4-Laning of the Section from Jorhat to Jhanji of NH-37 Old from Km 477.000 to Km 490800 13.800 Km, under SARDP- NE under EPC Mode in the state of Assam Pkg-III Road Works",56.37820117094992,0,Cost already revised upward (%) + Time elapsed vs. planned duration + Original planned duration (months)
701167,AIIMS Kashmir at Awantipora Jammu & Kashmir,55.63880084654955,0,Cost already revised upward (%) + Time elapsed vs. planned duration + Original planned duration (months)
618431,Construction of alternative highway to Gangtok in Sikkim via Bagrakot -Chuikhim- Nimbong -Kafer-Bakhim-Algarah-Rhenock in the State of West Bengal and from Rhenok-Rorathang-Pakyong along with spur from Aritar-Rolep-Menla in the State of Sikkim from Km 13.00 to Km 25.60 of Bagrakot -Kafer section of NH 717A on EPC Mode under Phase-A of SARDP-NE in the State of West Bengal PKG- IVB,55.44127100236095,0,Cost already revised upward (%) + Time elapsed vs. planned duration + Original planned duration (months)
618013,4-laning of Puttaparthi-Koduru Section of NH-342,55.05224347564166,0,Cost already revised upward (%) + Time elapsed vs. planned duration + Original planned duration (months)
400416,Shivpur-Kathautia New Rail [BG] Line [49 km] [Package II of Tori-Shivpur-Kathautia line],54.56073067960855,0,Cost already revised upward (%) + Time elapsed vs. planned duration + Original planned duration (months)
705668,Kharagpur-Adityapur - 3rd line 132 km,53.35102471435545,0,Cost already revised upward (%) + Time elapsed vs. planned duration + Original planned duration (months)
612851,"Phase 1B - Construction of Academic Block, Hostel, Residential Tower, Directors Residence and External Development works at National Institute of Technology, Delhi Campus on Engineering, Procurement and Construction basis",53.12903471603075,0,Cost already revised upward (%) + Time elapsed vs. planned duration + Original planned duration (months)
400273,"Tarakeswar-Bishnupur with extension upto Dhaniakhali, Arambagh-Irphala, Irphala- Ghatal 11.2 km, Arambagh-Champadanga 23.3 km & Bishnupur-Uparsol 31.8 km and new material modification for Mynapur-Kamarpukur via Birsha 19 km",52.87002176583899,0,Cost already revised upward (%) + Time elapsed vs. planned duration + Original planned duration (months)
619186,Construction of Balance works of Major Bridge over Middle Strait Creek between Km.106.590 to km108.553 of NH-04 connecting South Andaman & Baratang Island in the Union Territory of Andaman & Nicobar Islands on EPC basis,52.47369209654463,0,Cost already revised upward (%) + Time elapsed vs. planned duration + Original planned duration (months)
705785,Lodhma-Piska - Link line bypassing Hatia / Ranchi with Y connection 17.2 km,51.93386860064624,0,Cost already revised upward (%) + Time elapsed vs. planned duration + Original planned duration (months)
612194,Development of New Civil Enclave and associated works at Darbhanga Airport,51.08678800396957,0,Cost already revised upward (%) + Time elapsed vs. planned duration + Original planned duration (months)
705298,North Region Video Surveillance Project,51.07132620324233,0,Cost already revised upward (%) + Time elapsed vs. planned duration + Original planned duration (months)
618450,Rehabilitation & Upgradation of existing road to 2-lane with paved shoulder including geometric improvement of section from start of Rabangla km33.600 to km58.840 under SARDP-NE Phase A Pkg- IV,50.362809057140765,0,Cost already revised upward (%) + Time elapsed vs. planned duration + Original planned duration (months)
618087,Widening to intermediate/two lane to 2 lane with paved shoulder from Existing chanages Km 112.750 to 142.00 Liingasur to Mudabal cross & from Km. 147.070 to Km. 149.070 Maski city limit of Jewargi Chamrajnagar setion of NH-150A in the state of Karnataka on EPC mode. Job No. NH-150A-KNT-2021-22-951,50.31353444079658,0,Cost already revised upward (%) + Time elapsed vs. planned duration + Original planned duration (months)
618375,Improvement/Widening to 2-Lane with Paved Shoulder from design Km 45.760 to Km 63.530 between Shillong-Dawki under JICA ODA Loan assistance Phase-II -Balance work Pkg-4,50.08033248548185,0,Cost already revised upward (%) + Time elapsed vs. planned duration + Original planned duration (months)
701593,4G Services by BSNL,50.028762429642335,0,Cost already revised upward (%) + Time elapsed vs. planned duration + Original planned duration (months)
617255,"Replacement of Converter Vessels, Trunnion Rings, Support System & Installation of Secondary Emission at Bhilai Steel Plant",49.59306123623325,0,Cost already revised upward (%) + Time elapsed vs. planned duration + Original planned duration (months)
707087,Establishment of new GMC Pithoragarh,48.573509574272805,0,Cost already revised upward (%) + Time elapsed vs. planned duration + Original planned duration (months)
606013,Additional Campus of NITPatna,46.91402817193206,0,Cost already revised upward (%) + Time elapsed vs. planned duration + Original planned duration (months)
617940,"Rehabilitation and Upgradation of LB-Nagar to Malkapur section to 6-Lane main carriageway with service roads, drains cum footpath, including VUPs and widening of Minor bridge & road safety provisions from Km. 15/00 to Km 40/00 of NH-65 Old NH-9 under NH O for the year 2020-21 in the state of Telangana on EPC Mode.",46.57482028125776,0,Cost already revised upward (%) + Time elapsed vs. planned duration + Original planned duration (months)
706865,Chandorgaon-Cansaulim rail flyover 16 km Umbrella work PB57/2019-20/NR,46.53842695544358,0,Cost already revised upward (%) + Time elapsed vs. planned duration + Original planned duration (months)
705433,Dallirajhra- Rowghat New Railway Line - Phase I [95 km],46.42974456241651,0,Cost already revised upward (%) + Time elapsed vs. planned duration + Original planned duration (months)
618204,Construction of realignment between Pandrass- Pashkyun Total length 27.10 km on road Zozila-Kargil -Leh NH-1 to 2 lane specifications i.e. Drass alignment 9.30 km Kharboo realignment 6.30 km & Kargil alignment 11.50 km under project Vijayak BRO in the UT of Ladakh on EPC Mode,46.38311230653815,0,Cost already revised upward (%) + Time elapsed vs. planned duration + Original planned duration (months)
618221,Rehabilitation and upgradation to 2 lane with paved shoulder from existing chainage Km 166.100 to Km 192.98 design chainage Km 146.700 to Km 162.800 including construction of Bhimber Gali Tunnel Total Length of Tunnel 1.100 Km under 31 BRTF on Akhnoor-Poonch Roads on EPC mode NH-144A Package-VII,46.35267808403891,0,Cost already revised upward (%) + Time elapsed vs. planned duration + Original planned duration (months)
610984,Development of Jharia CBM Block [Phase-1],46.320308925877576,0,Cost already revised upward (%) + Time elapsed vs. planned duration + Original planned duration (months)
701415,Polavaram Irrigation Project,46.30694644203143,0,Cost already revised upward (%) + Time elapsed vs. planned duration + Original planned duration (months)
705457,Ratlam-Mhow-Khandwa-Akola 472.64 km including material modification for Fatehabad-Chandrawati Ganj-Ujjain 22.96 km and Rau-DADN doubling 9.40 km,45.54400013546961,0,Cost already revised upward (%) + Time elapsed vs. planned duration + Original planned duration (months)
618228,construction of a new 4 lane Parallel to existing MG Setu with its approaces from km 0.00 to km 14.500 across river Ganga on NH-19 at Patna in the state of Bihar.,44.70274110142269,0,Cost already revised upward (%) + Time elapsed vs. planned duration + Original planned duration (months)
618447,Construction of 2-Laning with Paved Shoulder of New Greenfield Alignment From Helipad near Menla at Km 82000 to Menla at Km 94030 of Rhenock-Menla Spur NH- 717B Package-IIIB on EPC Basis under SARDP-NE Phase 'A' in the State of Sikkim.,43.92299472487565,0,Cost already revised upward (%) + Time elapsed vs. planned duration + Original planned duration (months)
618056,Improvement and Up-gradation to two Lane with Paved Shoulder Configuration from existing km. 420.00 Shohrathgarh to km. 454.00 Uska Bazar of NH-730 in the state of Uttar Pradesh EPC basis,43.770896357461055,0,Cost already revised upward (%) + Time elapsed vs. planned duration + Original planned duration (months)
618417,"Construction of 4-Lane with paved shoulder Agartala bypass Western side, length 25.402 km connecting NH-8 near Amtali to NH-108B near Lembuchhera in the state of Tripura on EPC basis under NHO-NE",43.69795190006904,0,Cost already revised upward (%) + Time elapsed vs. planned duration + Original planned duration (months)
618139,Rehabilitation and Up-gradation of Gangakhed Loha section of NH-361F from Km 169/00 to 210/00 to two lane with paved shoulder/ four lane configuration in the state of Maharashtra on EPC mode Length - 41.00 Km.,43.17239244236768,0,Cost already revised upward (%) + Time elapsed vs. planned duration + Original planned duration (months)
701372,Sardar Sarovar Project,42.978982765172574,0,Cost already revised upward (%) + Time elapsed vs. planned duration + Original planned duration (months)
618011,Construction of 2 lane with paved shoulder for the work of Development of remaining sections of NH-325 Balotra to sanderao via Jalore to 2 lane with paved shoulder configuration by Construction of Byasses for town portions1 Asotra- Brahmdham bypass 2Siwana Bypass 3 Mokalsar Bypass 4 Major realignment at Kathadi 5 Major realignment at Bishangarh 6 Jalore Bypass 7 Ahore Town portion 8 Dujana Bypass in the state of Rajasthan on EPC Mode,42.93927254707325,0,Cost already revised upward (%) + Time elapsed vs. planned duration + Original planned duration (months)
618296,Balance work of Construction of 2-lane with hard shoulder of Kohima - Jessami road on NH-29 old NH-150 from existing km 98.380 near Chizami vill. to km120.367 Nagaland/Manipur Border [Design km 95.700 to design km 117.200] [Design Length 21.500 km] in the state of Nagaland Under Bharatmala Pariyojna on EPC Mode Package-V under NHO,42.82784928390397,0,Cost already revised upward (%) + Time elapsed vs. planned duration + Original planned duration (months)
618130,Widening to 2 lane with paved shoulders from 0.00 to 32.970 ofAdilabadto Bela section of NH 353B in the State of Telangana,40.86213210899435,0,Cost already revised upward (%) + Time elapsed vs. planned duration + Original planned duration (months)
618433,Construction of Balance work of 2-Lane with PS of Joram Koloriang Road from existing Km122.600 to km138.00 [Design Km108.724 to Km123.714] in Arunachal Pradesh on EPC Mode under SARDP-NE Pkg-7,40.619794537475485,0,Cost already revised upward (%) + Time elapsed vs. planned duration + Original planned duration (months)
400119,Life Extension of 48 well platforms of Mumbai High & Heera Fields,39.388104393276265,0,Cost already revised upward (%) + Time elapsed vs. planned duration + Original planned duration (months)
604791,Numaligarh Refinery Expansion Project,39.17002348592293,0,Cost already revised upward (%) + Time elapsed vs. planned duration + Original planned duration (months)
618168,Widening to four lane with paved shoulder from Design Km.49.200 to Km.89.285 of NH-731B on EPC mode in the state of Uttar Pradesh,38.99803165770482,0,Cost already revised upward (%) + Time elapsed vs. planned duration + Original planned duration (months)
618209,Construction & up gradation of existing road to 2-Lane with paved shoulder from existing chainage km 468000 to km 489350 Design Chainage km 465150 to km 471500 of NH-07 Old NH-58 including Joshimath bypass on EPC mode in the state of Uttarakhand Length 6.35 km,36.28247219645011,0,Cost already revised upward (%) + Time elapsed vs. planned duration + Original planned duration (months)
618364,"Widening to 2 Lane with Hard shoulder of Akegwo-Avangkhu section of NH-202K for Package-I Design Chainage 0000 Km to 34795 Km, in the State of Nagaland on EPC mode under NH O-NE",35.2948058627581,0,Cost already revised upward (%) + Time elapsed vs. planned duration + Original planned duration (months)
605155,Kwar HE Project,34.8467894718142,0,Cost already revised upward (%) + Time elapsed vs. planned duration + Original planned duration (months)
618190,Widening to two lane with paved shoulders of 'Bodhan Basar Bhainsa ' section from Km 38/900 to 95/300 of NH-161BB in the state of Telangana under Annual Plan 2021- 22 on EPC Mode under NH O.,34.649749571235525,0,Cost already revised upward (%) + Time elapsed vs. planned duration + Original planned duration (months)
618140,Widening to two/four lane with paved shoulders from Km.34.250 to Km.71.830 of NH- 365A on Kodad-Khammam-Kurvi road.,34.31555834838475,0,Cost already revised upward (%) + Time elapsed vs. planned duration + Original planned duration (months)
701745,New Suburba Station Development Project,34.0913084092609,0,Cost already revised upward (%) + Time elapsed vs. planned duration + Original planned duration (months)
618166,Construction of 4-lane green field highway from Km. 35.000 to Km. 49.155 of NH- 731A with paved shoulders on Hybrid Annuity Mode in the state of Uttar Pradesh,33.76563633417584,0,Cost already revised upward (%) + Time elapsed vs. planned duration + Original planned duration (months)
616879,Demo Bio-ATF Project,32.99132315457034,0,Cost already revised upward (%) + Time elapsed vs. planned duration + Original planned duration (months)
400299,Pottangi Bauxite Mines Project,31.179183904292746,0,Cost already revised upward (%) + Time elapsed vs. planned duration + Original planned duration (months)
618403,Construction of Intermediate Lane Road with hard shoulder from design Km 0.000 to Km 17.387 Total length 17.387 km of Hunli to Ithun Bridge section on NH-913 Frontier Highway in State of Arunachal Pradesh on EPC mode under NHO-NE,29.28350637147468,0,Cost already revised upward (%) + Time elapsed vs. planned duration + Original planned duration (months)
705392,Dimapur-Kohima 88 km,27.951625773438103,0,Cost already revised upward (%) + Time elapsed vs. planned duration + Original planned duration (months)
611957,"Phase III A works at IIT Indore [03 Hostels, 01 Studio Apartment, 01 Housing, Heavy & Sophisticated lab complex, Academic POD and Infrastructure for center of excellence]",26.292538738095967,0,Cost already revised upward (%) + Time elapsed vs. planned duration + Original planned duration (months)
618122,Widening to 2 lane with paved shoulded of Jareikela Jharkhand/Odisha Border - Dhabaleswar section from 0/0 to 36/0 of NH-320D in the State of Odisha under Annual Plan 2021-22.,25.81836549873281,0,Cost already revised upward (%) + Time elapsed vs. planned duration + Original planned duration (months)
702629,Agra Metro Rail Project,24.48557833333642,0,Cost already revised upward (%) + Time elapsed vs. planned duration + Original planned duration (months)
615189,MAKARDHOKRA EXPN OC 4.9 MTY,23.390008624808488,0,Cost already revised upward (%) + Time elapsed vs. planned duration + Original planned duration (months)
705919,Agra Fort-Bandikui Doubling Line Project,21.928821558972576,0,Cost already revised upward (%) + Time elapsed vs. planned duration + Original planned duration (months)
618049,Up-gradation to 2/4 lane with paved shoulder configuration of NH-652 from Tuljapur Naldurg-Akkalkot road Chainage from Km. 00.000 to km 30.982 in the State of Maharashtra on EPC mode.,19.242890619533583,0,Cost already revised upward (%) + Time elapsed vs. planned duration + Original planned duration (months)
617888,Landslide treatment work on NH 58 from Kodiyala Km. 266.130 to Devprayag Km. 296.925 10 location under EPC mode in the State of Uttarakhand on EPC Mode,17.298598145200447,0,Cost already revised upward (%) + Time elapsed vs. planned duration + Original planned duration (months)
709815,4th line - Bhatapara-Hathband 8.8 km PB72/NR/2022-23,14.260308068045092,0,Cost already revised upward (%) + Time elapsed vs. planned duration + Original planned duration (months)
400178,DINESH[MAKARDHOKRA-III] OC,14.2034628096464,0,Cost already revised upward (%) + Time elapsed vs. planned duration + Original planned duration (months)
400162,BLOCK B EXPANSION [3.5 TO 8.0,12.06599114645039,0,Cost already revised upward (%) + Time elapsed vs. planned duration + Original planned duration (months)
618129,"Construction of Kasrawad bypass, Selani bypass, Khargone bypass & Bistan bypass Total length. 31.950 km Section of NH-347 C to Two lane with paved shoulder configuration in the State of Madhya Pradesh on EPC mode.",7.814017705536884,0,Cost already revised upward (%) + Time elapsed vs. planned duration + Original planned duration (months)
618544,"4L twin tube tunnel including approaches from Digdol to Khuni Nallah North Bound connecting with existing major bridge on NB and South Bound connecting with Tunnel T4 ,Single tube tunnel of Ramban to Banihal Pkg-II of Old NH-1A New NH-44",98.44213835317616,1,Cost already revised upward (%) + Original planned duration (months) + Financial progress (spend as % of sanctioned cost)
619087,Widening to 6L of Existing 4L Jetpur - Gondal - Rajkot Section from Km. 117.600 to Km. 185.00 on NH-27,98.10416837643608,1,Cost already revised upward (%) + Original planned duration (months) + Financial progress (spend as % of sanctioned cost)
618608,4L of left-over works including additional structures from Kerala/Tamil Nadu border to Kanyakumari Section from Km 43.0 to Km 96.174 of NH66,96.82850363918882,1,Cost already revised upward (%) + Original planned duration (months) + Financial progress (spend as % of sanctioned cost)
618841,4L Elevated Section and at-grade improvements at Begusarai town Simaria - Khagaria section from Km. 221.047 to Km. 225.302 of NH-31,96.41036008722202,1,Cost already revised upward (%) + Original planned duration (months) + Financial progress (spend as % of sanctioned cost)
618516,6L from Sankeshwar Bypass to MH-KNT Border from Km. 555.017 to Km. 592.853 of NH-48 Pkg-II,96.39261148456843,1,Cost already revised upward (%) + Original planned duration (months) + Financial progress (spend as % of sanctioned cost)
618795,Amritsar Bypass Pkg III from km. 71.496 to km. 105.158,96.21741225053316,1,Cost already revised upward (%) + Original planned duration (months) + Financial progress (spend as % of sanctioned cost)
618723,6L access Controlled Greenfield Highway from Ranipur Barsi to Adhoya Musalmana section of Shamli -Ambala Package-II Design Ch. Form km 45.500 to km 84.400,96.18095461472709,1,Cost already revised upward (%) + Original planned duration (months) + Financial progress (spend as % of sanctioned cost)
618936,Jagadhari - Tajewala from Km -0.175 to 32.337 km of NH-344,96.10448887650564,1,Cost already revised upward (%) + Original planned duration (months) + Financial progress (spend as % of sanctioned cost)
619095,Balance works of 4L Panvel Indapur section of NH66 old NH17 from km 42.300 kasu to km 84.600 Indapur,96.06236762839904,1,Cost already revised upward (%) + Original planned duration (months) + Financial progress (spend as % of sanctioned cost)
619071,Tumkur - Nelamangala 6L,95.78989206299052,1,Cost already revised upward (%) + Original planned duration (months) + Financial progress (spend as % of sanctioned cost)
618505,Additional Structures on 6LGurgaon-Jaipur Section of NH-48 between KM 42.700 to KM 273.00,95.64533475885555,1,Cost already revised upward (%) + Original planned duration (months) + Financial progress (spend as % of sanctioned cost)
618630,6L of MH/KN Border Nimbal Village to KN/TS Border Singnodi Village from Km. 26.000 to Km. 97.000 in Gulbarga of NH-150C Pkg-II,95.4720225961342,1,Cost already revised upward (%) + Original planned duration (months) + Financial progress (spend as % of sanctioned cost)
618517,4/6L of Bangalore - Pune Section of bypass connecting Dharwad - Hubli from km. 403.80 to km. 433.20,95.23102716346902,1,Cost already revised upward (%) + Original planned duration (months) + Financial progress (spend as % of sanctioned cost)
618942,Balance work of 2L PS from Km 30.800 to Km 70.800 and 2L with Rigid Carriageway from Km 70.800 to km 84.120 of Khanapur- KA/GOA Border section of NH-4A,95.18659706920003,1,Cost already revised upward (%) + Original planned duration (months) + Financial progress (spend as % of sanctioned cost)
618702,4L of Addahole Near Gundya to Bantwal Cross section Pkg-02 from Design Km 270.270 to Design km 318.55 including flyover at Kalladka Town including approaches from Km. 311.57 to Km. 313.67 of NH-75 Old NH-48,95.1472365012533,1,Cost already revised upward (%) + Original planned duration (months) + Financial progress (spend as % of sanctioned cost)
618545,"4L of Km.165.092 to Km.171.855 North Bound and from Km.166.895 to Km.173.638 South Bound, excl. certain reaches of North Bound and South Bound of Ramban to Banihal Pkg-III of Old NH-1A New NH-44",94.89320956698552,1,Cost already revised upward (%) + Original planned duration (months) + Financial progress (spend as % of sanctioned cost)
618588,4L Mitigation Measure structures on CH/MH Border to Wainganga Bridge Section of NH-6 New NH-53,94.28277928410256,1,Cost already revised upward (%) + Original planned duration (months) + Financial progress (spend as % of sanctioned cost)
618711,6L with access control provision Saharanpur bypass to Ganeshpur section from 13.89 Km to 41.820 Km of Delhi- Dehradun Economic Corridor package-2,94.2634265199921,1,Cost already revised upward (%) + Original planned duration (months) + Financial progress (spend as % of sanctioned cost)
619101,4L Shahpur to Muktainagar from Km. 186.000 to km 216.278 of NH 753L Pkg II of Boregaon Buzurg to Muktainagar,94.235715685098,1,Cost already revised upward (%) + Original planned duration (months) + Financial progress (spend as % of sanctioned cost)
619093,4L Ismailabad to Ambala Section of NH-152 Lot-4/Package-1,93.70082932248572,1,Cost already revised upward (%) + Original planned duration (months) + Financial progress (spend as % of sanctioned cost)
618717,6L Access Controlled Greenfield Highway from Vanavolu Ch. 24300 to Vankarakunta Ch. 45700 of [NH-544G] Package-2,93.66083474782914,1,Cost already revised upward (%) + Original planned duration (months) + Financial progress (spend as % of sanctioned cost)
618898,Balance Works for Four laning of Vikravandi to Sethiyathope section from Km 0.0 to Km 65.96 of NH-45C in Tamil Nadu under NHDP Phase-IV on EPC mode,91.45018540692482,1,Cost already revised upward (%) + Original planned duration (months) + Financial progress (spend as % of sanctioned cost)
618612,Deogarh near Dhandhaniya-Rajasthan/Gujarat Border Phase-I AJ/DRGB-Package-6,91.28326578132298,1,Cost already revised upward (%) + Original planned duration (months) + Financial progress (spend as % of sanctioned cost)
618838,4L of Karwar Km. 281.980 of NH-62 Nagaur road to Dangiyavas of Jodhpur Ring Road Pkg-II,88.86060361903095,1,Cost already revised upward (%) + Original planned duration (months) + Financial progress (spend as % of sanctioned cost)
400081,"National Sports University [NSU], Imphal [Manipur]",88.7112044882538,1,Cost already revised upward (%) + Original planned duration (months) + Financial progress (spend as % of sanctioned cost)
618684,Outer Ring Road of Jabalpur Town from Manegaon to NH-45 Pkg-2,88.39486390079709,1,Cost already revised upward (%) + Original planned duration (months) + Financial progress (spend as % of sanctioned cost)
618713,6L Access Controlled Greenfield Highway from Yerragudipadu Ch. 129000 to Audireddipalle Ch. 160000 of [NH 544G] Package-6,85.70815509061977,1,Cost already revised upward (%) + Original planned duration (months) + Financial progress (spend as % of sanctioned cost)
618590,Durg-Raipur-Arang Package - 2 from km. 44.50 to km. 92.23 near Khatti Village to near Aurang,83.33737164945303,1,Cost already revised upward (%) + Original planned duration (months) + Financial progress (spend as % of sanctioned cost)
618591,"Construction of 6-lane flyover at Ainthapali junction and a 2-lane ROB LHS on NH-53 Earlier NH-6 in Sambalpur, on EPC mode in Odisha under NHO",79.56759814092041,1,Cost already revised upward (%) + Original planned duration (months) + Financial progress (spend as % of sanctioned cost)
618754,Upgradation of 2L/4L with Paved Shoulder of Shirwal-Lonand Section from KM 159900 To KM 188025 of NH-965DD Section I and 2L With Paved Shoulder of Lonand-Satara Section from KM 51500 To KM 96246 Of NH-965D Section II in Satara District in the State of Maharashtra on EPC Mode under NHO-,78.84508931853075,1,Cost already revised upward (%) + Original planned duration (months) + Financial progress (spend as % of sanctioned cost)
705493,Hubli-Ankola 167 km,77.45876245885594,1,Cost already revised upward (%) + Original planned duration (months) + Financial progress (spend as % of sanctioned cost)
618891,4L PS from Kalar Bala Village to Nauni Chowk of NH 205 from Km 41.000 to Km 58.450,77.19279119376823,1,Cost already revised upward (%) + Original planned duration (months) + Financial progress (spend as % of sanctioned cost)
618628,Strengthening of Existing Alignment of Pandharpur Town Part Bypassed Section of NH 965 from KM 36.230 to KM 44.230 from Chh. Shivaji Maharaj Chowk to Wakhari,77.02417501620864,1,Cost already revised upward (%) + Original planned duration (months) + Financial progress (spend as % of sanctioned cost)
618697,4LPS Access Controlled Highway of Bellary Bypass Balance work from Ch. 254750 to Ch. 266837 and construction of 4LPS from Ch. 277.690 to Ch. 278.690 at D. Hirehal Village Balance work of NH 150A of Bellary Byrapura Section,71.46370366070065,1,Cost already revised upward (%) + Original planned duration (months) + Financial progress (spend as % of sanctioned cost)
618585,6L of Gonde Km. 439.038 to Pimpri Sado Km. 459.905 section of NH-848 Old NH-3,70.10308491698561,1,Cost already revised upward (%) + Original planned duration (months) + Financial progress (spend as % of sanctioned cost)
618668,4L of Chowka to Kaimaha near MP/UP Border section NH-34 from D. Ch. 145.000 to D. Ch. 197.266 excluding existing Chhatarpur bypass from D. Ch. 160.307 to D. Ch. 168.630 Package-4,67.78287485168435,1,Cost already revised upward (%) + Original planned duration (months) + Financial progress (spend as % of sanctioned cost)
618561,Improving the Alignment of Thoppur Ghat Section from Km 158.500 to Km 165.100 in Dharmapuri - Salem Section of NH-44,61.46718477105282,1,Cost already revised upward (%) + Original planned duration (months) + Financial progress (spend as % of sanctioned cost)
705761,Shimoga-Shikaripura-Ranebennur 103 km umbrella work PB23/2018-19/NR,53.2000613531669,1,Cost already revised upward (%) + Original planned duration (months) + Financial progress (spend as % of sanctioned cost)
618902,Maheshkunt-Saharsa-Purnea Pkg I km 0.00 to km. 90.00 of NH-107,98.12931858954228,2,Time elapsed vs. planned duration + Financial progress (spend as % of sanctioned cost) + Months already slipped from original completion date
619003,Solan - Kaithlighat Section of NH-22 Now NH-5 from Km. 106.139 to Km.129.05,98.03655251763185,2,Time elapsed vs. planned duration + Financial progress (spend as % of sanctioned cost) + Months already slipped from original completion date
619152,Bakhtiyarpur Km 153.300 to Mokama Km 197.900,97.9477548193417,2,Time elapsed vs. planned duration + Financial progress (spend as % of sanctioned cost) + Months already slipped from original completion date
618955,2L PS of Majhauli to Charout section from km. 0.00 to km. 63.655,97.44145878112366,2,Time elapsed vs. planned duration + Financial progress (spend as % of sanctioned cost) + Months already slipped from original completion date
619134,6L of Ambala-Chandigarh greenfield section from Km. 0.000 to Km. 25.000 with 4L spur to Lalru from Km. 0.000 to Km. 5.828 & spur to PR-7 road from Km. 0.000 to Km. 11.157,97.23113351021316,2,Time elapsed vs. planned duration + Financial progress (spend as % of sanctioned cost) + Months already slipped from original completion date
619153,4L of HP/Punjab Border - Mo from km. 11.00 to km. 42.00 of Old NH-20 New NH-154 Package-IA,97.15338041288526,2,Time elapsed vs. planned duration + Financial progress (spend as % of sanctioned cost) + Months already slipped from original completion date
618921,4L of Kathlighat to Shakral Village from Km 128.835 to Km 146.300 of NH- 5 Shimla Bypass - Pkg I,97.14823838744236,2,Time elapsed vs. planned duration + Financial progress (spend as % of sanctioned cost) + Months already slipped from original completion date
618903,Maheshkunt -Saharsa-Purnea Pkg II,97.01357608190052,2,Time elapsed vs. planned duration + Financial progress (spend as % of sanctioned cost) + Months already slipped from original completion date
618845,Puducherry Km.29.000 to Poondiyankuppam Km.67.000,96.9454752850134,2,Time elapsed vs. planned duration + Financial progress (spend as % of sanctioned cost) + Months already slipped from original completion date
618953,Umagaon-Saharsa Package-IV Koshi Bridge & approach Road - Bheja-Bakaur,96.63024752374842,2,Time elapsed vs. planned duration + Financial progress (spend as % of sanctioned cost) + Months already slipped from original completion date
618740,4L Greenfield Alignment of Shivrampur to Ramnagar from Km. 55.002 to Km. 109.300 of NH 119 D Pkg-II,96.53296015370324,2,Time elapsed vs. planned duration + Financial progress (spend as % of sanctioned cost) + Months already slipped from original completion date
618850,Nerchowk km 190.000 to Pandoh including Pandoh bypass km221.305,96.4776232683988,2,Time elapsed vs. planned duration + Financial progress (spend as % of sanctioned cost) + Months already slipped from original completion date
618840,Simaria Km. 206.050 to Khagaria Km. 266.282,96.4619265136365,2,Time elapsed vs. planned duration + Financial progress (spend as % of sanctioned cost) + Months already slipped from original completion date
618847,Sattanathapuram to Nagapattinam from Km 123.800 to Km 179.555,96.36344942691235,2,Time elapsed vs. planned duration + Financial progress (spend as % of sanctioned cost) + Months already slipped from original completion date
618739,4L Greenfield Alignment of Amas to Shivrampur from 0.000 Km. to 55.002 Km. of NH 119 D Pkg-I,96.1115238055108,2,Time elapsed vs. planned duration + Financial progress (spend as % of sanctioned cost) + Months already slipped from original completion date
618889,"4L of Bhangbar Near Ranital to Kangra Bypass Section of Old NH-88 New NH- 303,503 up to Intersection with NH-154 from Km 175.270 to Km 193.400 Pkg-VB",95.77767872320184,2,Time elapsed vs. planned duration + Financial progress (spend as % of sanctioned cost) + Months already slipped from original completion date
618861,Bakhtiyarpur-Rajauli Pkg-II from km. 54.405 to km.101.630,95.6333982660503,2,Time elapsed vs. planned duration + Financial progress (spend as % of sanctioned cost) + Months already slipped from original completion date
618951,Hariharganj to Parwa Mode section from km 23.284 to km 57.049 of NH-98,95.45847651544116,2,Time elapsed vs. planned duration + Financial progress (spend as % of sanctioned cost) + Months already slipped from original completion date
619301,Construction of Approach Road to Rail-cum- Road Bridge across river Ganga at Munger Ghat NH-333 B,95.39545908971124,2,Time elapsed vs. planned duration + Financial progress (spend as % of sanctioned cost) + Months already slipped from original completion date
619163,4L of Baramati to Indapur Pkg-II from km. 41.400 to km. 84.550 of NH-965G Saint Tukaram Marg,95.3450509795074,2,Time elapsed vs. planned duration + Financial progress (spend as % of sanctioned cost) + Months already slipped from original completion date
618504,Ahmedabad - Dholera Pkg IV from km. 71.06 to km. 109.019 [Start of DSIR zone - Adhelai Village],95.20064495815753,2,Time elapsed vs. planned duration + Financial progress (spend as % of sanctioned cost) + Months already slipped from original completion date
619078,Six Laning of Bihar - Jharkhand Border Chordaha - Gorhar section of NH-2 from km 249.525 to km 320.810,95.1993018926101,2,Time elapsed vs. planned duration + Financial progress (spend as % of sanctioned cost) + Months already slipped from original completion date
618888,Rehabilitation and Up-gradation of existing road to 2L PS from End of Hamirpur Bypass near Chilbahal to Bhangbar section from Km. 138.295 to Km.175.270 of NH- 88 Pkg-IV,95.10677740263324,2,Time elapsed vs. planned duration + Financial progress (spend as % of sanctioned cost) + Months already slipped from original completion date
618807,"4L Greenfield Road connecting North and South industrial cluster of Khandaleru Creek near Krishnapatnam port at Thamminapatnam to Mollur from Km 0.0 to Km 16.046, Part I & 6L extension of dedicated port road of NH-67 Km 18.0 to Km 19.3, Part II",95.05982441860348,2,Time elapsed vs. planned duration + Financial progress (spend as % of sanctioned cost) + Months already slipped from original completion date
618512,Tunnel at Khambataki Ghat Section and its approaches from existing Km. 771.730 to existing Km. 782.000,95.03121425800822,2,Time elapsed vs. planned duration + Financial progress (spend as % of sanctioned cost) + Months already slipped from original completion date
618647,6L Access Controlled Ludhiana-Bathinda Greenfield highway from Jn. with Amritsar- Bathanda Greenfield Road NH-754A near Rampura Phul to Jn. with Moga-Barnala Road NH-703 near village Tallewal from Km 0.0 to Km 30.3 of NH-754AD Pkg-1,95.00160953362528,2,Time elapsed vs. planned duration + Financial progress (spend as % of sanctioned cost) + Months already slipped from original completion date
618462,Delhi-Vadodara Greenfield Alignment NH-148N Pkg-31 Ch.824920 to Ch.844382 [Junction near Pratap nagar Village - Junction near Dodka Village],94.78877085976416,2,Time elapsed vs. planned duration + Financial progress (spend as % of sanctioned cost) + Months already slipped from original completion date
619289,4L of Munger Mirzachauki section from Munger to Kharia village junction from Km 69520 to Km 95580 Pkg-1,94.73986500440496,2,Time elapsed vs. planned duration + Financial progress (spend as % of sanctioned cost) + Months already slipped from original completion date
618716,6L Access Controlled Greenfield Highway from Vankarakunta Ch. 45700 to Odulapalle Ch. 72000 of [NH-544G]Package-3,94.65537954209378,2,Time elapsed vs. planned duration + Financial progress (spend as % of sanctioned cost) + Months already slipped from original completion date
618890,2L PS of Hamirpur Bypass from Km 121.175 to Km.138.295 of NH-103&3,94.5219126489484,2,Time elapsed vs. planned duration + Financial progress (spend as % of sanctioned cost) + Months already slipped from original completion date
619306,4L of Munger Mirzachauki section from Km 95580 to Km 125000 Pkg-2,94.41831734994402,2,Time elapsed vs. planned duration + Financial progress (spend as % of sanctioned cost) + Months already slipped from original completion date
618554,Construction of left out portion of Agra Inner Ring Road connecting village Deori to NH-44 village Bad from Km. 0.000 to Km. 7.772,93.85297064457016,2,Time elapsed vs. planned duration + Financial progress (spend as % of sanctioned cost) + Months already slipped from original completion date
618952,4L of Sahibganj - Manihari Ganga Bridge including Manihari Bypass,92.67893013695864,2,Time elapsed vs. planned duration + Financial progress (spend as % of sanctioned cost) + Months already slipped from original completion date
618852,4L Sundar Nagar Bypass from Km.173.900 to Km.179.600 of NH-21,92.39564023890831,2,Time elapsed vs. planned duration + Financial progress (spend as % of sanctioned cost) + Months already slipped from original completion date
618809,4L of Beas-Mehta-Batala-Dera Baba Nanak from intersection with Jalandhar-Amritsar Highway NH-3 near Beas till start of Batala Bypass near Village Acchhal from Km. 0.000 to Km. 31.300 Pkg-1,92.33023620141728,2,Time elapsed vs. planned duration + Financial progress (spend as % of sanctioned cost) + Months already slipped from original completion date
618827,4 Laning of NH-544D from Km 37.000 to km 69.000 of Muchukota- Bugga section Pkg-2,91.64582885271774,2,Time elapsed vs. planned duration + Financial progress (spend as % of sanctioned cost) + Months already slipped from original completion date
619072,Bangalore/TN border to Hoskote,91.49844899807688,2,Time elapsed vs. planned duration + Financial progress (spend as % of sanctioned cost) + Months already slipped from original completion date
618804,Dedicated Port road to Krishnapatnam Port Package-I from Km. 0.000 to Km. 18.000,91.34357532837372,2,Time elapsed vs. planned duration + Financial progress (spend as % of sanctioned cost) + Months already slipped from original completion date
618475,Bangalore Chennai Expressway Phase-II Pkg-II from km.96.000 to Km 127.000 Baireddypalle to Bangarupalem section,91.112818939416,2,Time elapsed vs. planned duration + Financial progress (spend as % of sanctioned cost) + Months already slipped from original completion date
618746,Khammam-Devarapalle Pkg I [4L Access Controlled Greenfield from Thallampadu village to Somavaram village Design Chainage 0000 to 33604],90.56616055845096,2,Time elapsed vs. planned duration + Financial progress (spend as % of sanctioned cost) + Months already slipped from original completion date
619089,Balance work of 4L of NarimbangloJatinga Junction- Harangajoroad section from Km 0.000 to Km 49.230 of NH-27,87.35212538635979,2,Time elapsed vs. planned duration + Financial progress (spend as % of sanctioned cost) + Months already slipped from original completion date
618613,Deogarh near Dhandhaniya-Rajasthan/Gujarat Border Phase-I AJ/DRGB-Package-7,86.10204910103145,2,Time elapsed vs. planned duration + Financial progress (spend as % of sanctioned cost) + Months already slipped from original completion date
618887,4L of Bettadahalli- Shivamogga section from Km.170.415 to km. 226.750 of NH-206 Tumkur- Shivamogga Pkg-IV,85.92246490184561,2,Time elapsed vs. planned duration + Financial progress (spend as % of sanctioned cost) + Months already slipped from original completion date
619120,Nidagatta-Mysore Pkg II,84.9342067597058,2,Time elapsed vs. planned duration + Financial progress (spend as % of sanctioned cost) + Months already slipped from original completion date
618790,Construction of four laning of Bakarpur- Manikpur road section starting from village Chitarsenpur km 0000 and terminating at SH-74 near Manikpur 38814 at NH-139W under Bharatmalapariyona,84.31433380523092,2,Time elapsed vs. planned duration + Financial progress (spend as % of sanctioned cost) + Months already slipped from original completion date
618796,Tanot -Ramgarh-Bhadasar-Jaisalmer NH-68 and BhadasarMokal-Sarkaritala up to Pakisthan Border NH-968 Pkg-BM/5,83.45882710886268,2,Time elapsed vs. planned duration + Financial progress (spend as % of sanctioned cost) + Months already slipped from original completion date
618870,4L PS from near Hemmige Village Periyapatna - Hassan Road Jn. to near Hunsur - KR Nagar Jn section from Km. 144.900 to Km. 169.000 of NH-275 Pkg. III,82.72148852656119,2,Time elapsed vs. planned duration + Financial progress (spend as % of sanctioned cost) + Months already slipped from original completion date
618635,6L of Pondavakkam to Kannigaipair from km 96.040 to km 116.100 of NH 716B Pkg- IV,82.39735902427911,2,Time elapsed vs. planned duration + Financial progress (spend as % of sanctioned cost) + Months already slipped from original completion date
619136,Rehabilitation and Upgradation of Chorma - Bairgania Section of National Highway No 227F to 2 lane with paved shoulders from Design Ch.0.000 to Ch. 34.566,81.85066102774041,2,Time elapsed vs. planned duration + Financial progress (spend as % of sanctioned cost) + Months already slipped from original completion date
619109,6L of Badakumari - Karki Section from Km 179.000 to km 226.500 of NH-130-CD Package OD-3,81.55392376488466,2,Time elapsed vs. planned duration + Financial progress (spend as % of sanctioned cost) + Months already slipped from original completion date
618901,4L PS Divided Carriageway from Patan Near Rajpur to Gojariya From Km 52.000 to Km 128.940 of NH-68,81.51759563428965,2,Time elapsed vs. planned duration + Financial progress (spend as % of sanctioned cost) + Months already slipped from original completion date
618899,Kallagam km.38.700 to Meensurutti Km.98.433 of NH-227 in Tamil Nadu,79.87759770078338,2,Time elapsed vs. planned duration + Financial progress (spend as % of sanctioned cost) + Months already slipped from original completion date
619161,Access Controlled Highway of 4 Lane with Paved Shoulders from Tiruvallur Design Chainage Km 1756 to TN/AP Broder Design Chainage Km 6151 of NH-716 Chennai- Tirupati Package-1,79.3137210497121,2,Time elapsed vs. planned duration + Financial progress (spend as % of sanctioned cost) + Months already slipped from original completion date
619154,Construction of Four Lane Highway from Ghazipur- Ballia-UP/Bihar State Border Greenfield section of NH-31 Package III [from Pindari km 78.150 to Rawalganj Bypass Km 117.120] on EPC Mode in the state of Uttar Pradesh.,78.5608376364537,2,Time elapsed vs. planned duration + Financial progress (spend as % of sanctioned cost) + Months already slipped from original completion date
618470,Vadodara Mumbai Expressway Phase II - Pkg XIV [Km. 3.000 to Km. 20.200 of Spur] Shirsad - Akloli,76.60694930825736,2,Time elapsed vs. planned duration + Financial progress (spend as % of sanctioned cost) + Months already slipped from original completion date
619222,"Balance works of four lane from km 43.950 Thiruvallur Bypass to km 61.470 Veppampattu Bypass passing through Thannerkulam, Thozur and Sevapet Bypass 17.520 kms of Tirupathi- Tiruttani- Chennai section of NH 205",68.03754583074596,2,Time elapsed vs. planned duration + Financial progress (spend as % of sanctioned cost) + Months already slipped from original completion date
619206,6L of Perole Nileshwar town to Taliparamba from Km 94.248 to Km 134.650 of NH-66,67.54866158985814,2,Time elapsed vs. planned duration + Financial progress (spend as % of sanctioned cost) + Months already slipped from original completion date
619097,Thalassery Mahe Bypass Km 170.600 to Km 189.200 of NH-17New NH-66 in Kerala,66.91666413390458,2,Time elapsed vs. planned duration + Financial progress (spend as % of sanctioned cost) + Months already slipped from original completion date
618735,4L of Chandesara to Khedakhajuriya from Km. 0.000 to - 750 & Km 0.000 to km 41.400 of NH-148NG Pkg-I,63.387290217772005,2,Time elapsed vs. planned duration + Financial progress (spend as % of sanctioned cost) + Months already slipped from original completion date
615346,Transmission System for Evacuation of Power from Rajasthan REZ Ph-IV [Part-2 5.5 GW] [Jaisalmer/Barmer Complex] Part C [SPV Name POWERGRID Mandsaur Transmission Limited],61.21410377778326,2,Time elapsed vs. planned duration + Financial progress (spend as % of sanctioned cost) + Months already slipped from original completion date
602961,Talcher Thermal Power Station Stage III [2 x 660 MW] Expansion,50.225242654622605,2,Time elapsed vs. planned duration + Financial progress (spend as % of sanctioned cost) + Months already slipped from original completion date
702958,Lucknow Sewerage Management Infrastructure Project,47.62080689760943,2,Time elapsed vs. planned duration + Financial progress (spend as % of sanctioned cost) + Months already slipped from original completion date
701346,North East Gas Grid,39.469220124732495,2,Time elapsed vs. planned duration + Financial progress (spend as % of sanctioned cost) + Months already slipped from original completion date
602223,Comprehensive Scheme for Strengthening of Transmission and Distribution [T&D] Systems [CSST&DS] in Arunachal Pradesh and Sikkim,38.89931264878541,2,Time elapsed vs. planned duration + Financial progress (spend as % of sanctioned cost) + Months already slipped from original completion date
618727,6L Greenfield Varanasi-Ranchi-Kolkata Highway from junction with Bhabhua-Adhaura road in Bhairopur village to Konki village From KM. 54.000 to KM. 90.000Pkg-3,57.96415426402024,3,Time elapsed vs. planned duration + Cost already revised upward (%) + Months already slipped from original completion date
617803,Transmission System Strengthening at Davanagere for Integration of RE Generation [SPV Name - POWERGRID Davanagere Power Transmission Limited],46.64797372770849,3,Time elapsed vs. planned duration + Cost already revised upward (%) + Months already slipped from original completion date
619204,"Capacity Augmentation in the stretch of Pimpri Sado Vadape section of NH848 Km. 460900 to Km. 537000 by Construction of Slip/Service Road on either side at various locations total length 25.140 Km LHSRHS, Flyover 2 x 25m at Borivali Junction Km. 528550 & LVUP 1 x 15m at Sherekarpada Km. 528800",46.51180526086688,3,Time elapsed vs. planned duration + Cost already revised upward (%) + Months already slipped from original completion date
618976,"Gadarwara Super Thermal Power Project, Stage-II [2x800 MW]",44.996887148957896,3,Time elapsed vs. planned duration + Cost already revised upward (%) + Months already slipped from original completion date
618633,4L of Kadapa China Orampadu section of NH-716 Package I of Kadapa-Renigunta section,41.88036782672332,3,Time elapsed vs. planned duration + Cost already revised upward (%) + Months already slipped from original completion date
618306,"Widening/Improvement to 2 lane with earthen shoulder of Choithar to Marrem Khullen section of NH-202 of Imphal Ukhrul Jessami Economic Corridor from Design Chainage km 53.110 to km 95.700 in the State of Manipur on EPC mode under Bharatmala Pariyojana, under NHO-NE Package-5",34.63881561790015,3,Time elapsed vs. planned duration + Cost already revised upward (%) + Months already slipped from original completion date
210914,Amended BharatNet Program - WB & ANI,28.671588956158228,3,Time elapsed vs. planned duration + Cost already revised upward (%) + Months already slipped from original completion date
738679,Stamp Charge Battery No.7 Battery Proper at RSP,19.53242075851695,3,Time elapsed vs. planned duration + Cost already revised upward (%) + Months already slipped from original completion date
617979,"Rehabilitation, upgradation & widening of existing highway to 2L/4LPS Rigid Pavement of NH 160 section- Phaltan to Mhaisal near Karnataka Border including Tasgaon Bypass, from existing chainage Km 301/430 to Km 458/415 in the State of Maharashtra. Package-I starting from existing chainage Km 301/430 at Phaltan Village Junction of Phaltan Baramati Road Design Chainage -301/430km & ending at existing chainage Km 341/300 Dahiwadi Village Bus Stop Design chainage Km 340466km in the S",19.034589291920728,3,Time elapsed vs. planned duration + Cost already revised upward (%) + Months already slipped from original completion date
619227,Network Expansion Scheme in Maharashtra for removal of Transmission constraints in Pune Region-I [765/400kV AIS Pune East],18.44582685797283,3,Time elapsed vs. planned duration + Cost already revised upward (%) + Months already slipped from original completion date
619221,Realignment of Rudrapur-Kathgodam Section of NH-87 New NH-109 From Design Chainage 000 Existing Chainage Km.54050 To Design Chainage 7875 Existing Chainage Km.61550 Due To Proposed Expansion Of Pantnagar Airport in the state of Uttarakhand.,18.36556168224936,3,Time elapsed vs. planned duration + Cost already revised upward (%) + Months already slipped from original completion date
298178,"Meja Thermal Power Project, Stage-II , (3x800 MW)",14.554716367409192,3,Time elapsed vs. planned duration + Cost already revised upward (%) + Months already slipped from original completion date
616843,Ajmer-Chanderiya section 178.28 km Umbrella work PB57/2019-20/NR,14.247757484059065,3,Time elapsed vs. planned duration + Cost already revised upward (%) + Months already slipped from original completion date
618150,Rehabilitation and Up-gradation of i. Deogaon phata to Digras phata Ch. 0/000 to 15/000 & Selu to Borgavhan Ch 20/900 to 35/800 [Length 29.9km] ii. Injegaon Dhamoni to Pohner Phata Ch.58/200 to Ch. 83/700 [Length25.5 km] and iii. Pohner phata to Pathri Design Ch. 42/700 to 58/200 [Length 15.5 km] sections of NH-548B to Two lane with paved shoulder configuartion in the state of Maharashtra on EPC mode Total project length 70.9 Km.,13.255647137954702,3,Time elapsed vs. planned duration + Cost already revised upward (%) + Months already slipped from original completion date
617818,"City Gas Distribution [CGD] Project in Gajapati, Kandhamal, Boudh, & Sonepur GA",13.255509394587794,3,Time elapsed vs. planned duration + Cost already revised upward (%) + Months already slipped from original completion date
618028,"Construction of Bypass at Kuknoor, Yelburga, Gajendragada of Bhanapur Gaddanakeri section of NH-367 in the State of Karnataka under NHO on EPC mode under Annual Plan 2022-23. NH-367-KNT-2022-23-973 dated 08.02.2023",11.999521918034606,3,Time elapsed vs. planned duration + Cost already revised upward (%) + Months already slipped from original completion date
617375,North Eastern Region Expansion Scheme-XXIII [NERES-XXIII],10.627872051304823,3,Time elapsed vs. planned duration + Cost already revised upward (%) + Months already slipped from original completion date
618323,Construction of Twin Tube Uni-directional Aizawl Bypass Tunnel of 2.5 km and its approaches of 2.1 km from km 10.600 to km 15.200 on Sarrang - Phaibawk section of NH-6 in the State of Mizoram on EPC Mode under NHO-NE Package-2,8.79817554096623,3,Time elapsed vs. planned duration + Cost already revised upward (%) + Months already slipped from original completion date
946208,Amended BharatNet Program - SKM,8.219209418438647,3,Time elapsed vs. planned duration + Cost already revised upward (%) + Months already slipped from original completion date
617978,"Rehabilitation, upgradation & widening of existing highway to 2L/4LPS Rigid Pavement of NH 160 section- Phaltan to Mhaishal near Karnataka Border including Tasgaon Bypass, from existing chainage Km 301/430 to Km 458/415 in the State of Maharashtra- Package-II & Package III combined- starting from existing chainage Km 341/300 to Km 394/130 and design chainage Km 340/250 at Dahiwadi Village to Km 392/950 ending at Vita Village in the State of Maharashtra on EPC Mode.",7.1679660971542685,3,Time elapsed vs. planned duration + Cost already revised upward (%) + Months already slipped from original completion date
619031,Delhi Metro Rail Phase V A,6.463865259743211,3,Time elapsed vs. planned duration + Cost already revised upward (%) + Months already slipped from original completion date
618120,construction of Four-Lane of chausa-Buxar Bypass from Km 45.000 to Km 65.915 Package - 2 in the State of Bihar on EPC Mode.,4.369763710476278,3,Time elapsed vs. planned duration + Cost already revised upward (%) + Months already slipped from original completion date
617827,"Pipeline Rehabilitation Project, Phase-II",4.260197005580779,3,Time elapsed vs. planned duration + Cost already revised upward (%) + Months already slipped from original completion date
615821,TIRAP OCP,2.441039736967189,3,Time elapsed vs. planned duration + Cost already revised upward (%) + Months already slipped from original completion date
617943,4-laning of Navelim to Cuncolim Section of NH-66 from Km 554.245 to Km 561.480 on HAM Mode,1.9601121397554635,3,Time elapsed vs. planned duration + Cost already revised upward (%) + Months already slipped from original completion date
617890,Construction of Champawat Bypass with two lane with paved shoulder configuration starting from existing chainage 121.700 to existing chainage 129.450 Design Length 9.847 of NH-125 in District-Champawat in the state of Uttrakhand on EPC mode.,1.7646420435310153,3,Time elapsed vs. planned duration + Cost already revised upward (%) + Months already slipped from original completion date
617288,MANIKPUR OC EXPANSION PROJECT,1.4591857794235294,3,Time elapsed vs. planned duration + Cost already revised upward (%) + Months already slipped from original completion date
400149,BAROUD OC EXPANSION [3.0-10.0M,1.415648516930483,3,Time elapsed vs. planned duration + Cost already revised upward (%) + Months already slipped from original completion date
