uid,project_name,risk_score,driver_1_feature,driver_1_shap,driver_2_feature,driver_2_shap,driver_3_feature,driver_3_shap,driver_4_feature,driver_4_shap,driver_5_feature,driver_5_shap
210914,Amended BharatNet Program - WB & ANI,28.671588956158228,elapsed_ratio,-9.152,doc_slip_to_date_m,6.246,orig_duration_m,-4.988,cost_revision_to_date_pct,-4.679,state,-3.201
298178,"Meja Thermal Power Project, Stage-II , (3x800 MW)",14.554716367409192,elapsed_ratio,-20.958,orig_duration_m,-12.499,agency,11.364,cost_revision_to_date_pct,-7.777,sector,5.046
400012,Kandla Gorakhpur LPG Pipeline,66.36789781051058,elapsed_ratio,11.674,months_past_orig_doc,7.856,d_expenditure,7.437,doc_slip_to_date_m,-6.257,agency,-6.153
400081,"National Sports University [NSU], Imphal [Manipur]",88.7112044882538,cost_revision_to_date_pct,25.597,sector,-11.227,elapsed_ratio,9.708,months_past_orig_doc,5.948,agency,5.021
400119,Life Extension of 48 well platforms of Mumbai High & Heera Fields,39.388104393276265,doc_slip_to_date_m,-14.163,state,-10.809,months_past_orig_doc,8.538,cost_revision_to_date_pct,-8.226,sector,-8.089
400149,BAROUD OC EXPANSION [3.0-10.0M,1.415648516930483,orig_duration_m,-14.518,sector,-14.457,elapsed_ratio,-6.893,cost_revision_to_date_pct,-5.02,agency,-4.614
400162,BLOCK B EXPANSION [3.5 TO 8.0,12.06599114645039,doc_slip_to_date_m,-14.301,sector,-13.117,state,-10.225,elapsed_ratio,8.234,orig_duration_m,-7.941
400178,DINESH[MAKARDHOKRA-III] OC,14.2034628096464,sector,-21.837,orig_duration_m,-8.127,doc_slip_to_date_m,8.115,elapsed_ratio,6.879,agency,-6.159
400254,Sakri-Hasanpur 79 km,68.82945333766237,elapsed_ratio,12.318,state,10.667,orig_duration_m,-6.637,sector,-6.314,approval_to_start_lag_m,-5.919
400273,"Tarakeswar-Bishnupur with extension upto Dhaniakhali, Arambagh-Irphala, Irphala- Ghatal 11.2 km, Arambagh-Champadanga 23.3 km & Bishnupur-Uparsol 31.8 km and new material modification for Mynapur-Kamarpukur via Birsha 19 km",52.87002176583899,doc_slip_to_date_m,-13.437,elapsed_ratio,11.081,orig_duration_m,-10.421,cost_revision_to_date_pct,-9.316,financial_progress_pct,8.198
400299,Pottangi Bauxite Mines Project,31.179183904292746,elapsed_ratio,9.773,cost_revision_to_date_pct,-8.548,orig_duration_m,-6.851,agency,-4.853,state,-4.318
400416,Shivpur-Kathautia New Rail [BG] Line [49 km] [Package II of Tori-Shivpur-Kathautia line],54.56073067960855,elapsed_ratio,11.509,agency,-11.415,cost_revision_to_date_pct,-10.074,ministry,-5.967,doc_slip_to_date_m,-5.118
602223,Comprehensive Scheme for Strengthening of Transmission and Distribution [T&D] Systems [CSST&DS] in Arunachal Pradesh and Sikkim,38.89931264878541,cost_revision_to_date_pct,-18.062,doc_slip_to_date_m,-15.568,agency,9.809,elapsed_ratio,9.412,months_past_orig_doc,5.333
602525,"Pakal Dul [Drangdhuran] Hydroelectric Project, 1000 MW",58.92298319273112,cost_revision_to_date_pct,-11.98,financial_progress_pct,5.539,elapsed_ratio,5.126,doc_slip_to_date_m,-4.386,ministry,-3.404
602961,Talcher Thermal Power Station Stage III [2 x 660 MW] Expansion,50.225242654622605,agency,9.507,cost_revision_to_date_pct,-8.211,orig_duration_m,-5.363,elapsed_ratio,4.576,state,-3.69
604791,Numaligarh Refinery Expansion Project,39.17002348592293,cost_revision_to_date_pct,-16.524,sector,-8.343,orig_duration_m,-8.302,elapsed_ratio,8.19,financial_progress_pct,6.124
605155,Kwar HE Project,34.8467894718142,cost_revision_to_date_pct,-6.601,orig_duration_m,-6.042,months_past_orig_doc,-5.348,sector,4.963,doc_slip_to_date_m,-4.364
606013,Additional Campus of NITPatna,46.91402817193206,sector,-14.066,elapsed_ratio,8.056,state,7.923,months_past_orig_doc,7.073,cost_revision_to_date_pct,-4.617
610984,Development of Jharia CBM Block [Phase-1],46.320308925877576,sector,-9.996,elapsed_ratio,9.241,cost_revision_to_date_pct,-5.527,orig_duration_m,-5.361,months_past_orig_doc,4.939
611957,"Phase III A works at IIT Indore [03 Hostels, 01 Studio Apartment, 01 Housing, Heavy & Sophisticated lab complex, Academic POD and Infrastructure for center of excellence]",26.292538738095967,state,-8.838,cost_revision_to_date_pct,-8.588,doc_slip_to_date_m,6.254,sector,-5.419,orig_duration_m,-2.974
612194,Development of New Civil Enclave and associated works at Darbhanga Airport,51.08678800396957,agency,-8.692,elapsed_ratio,6.098,doc_slip_to_date_m,4.004,cost_revision_to_date_pct,-3.583,state,3.309
612851,"Phase 1B - Construction of Academic Block, Hostel, Residential Tower, Directors Residence and External Development works at National Institute of Technology, Delhi Campus on Engineering, Procurement and Construction basis",53.12903471603075,sector,-10.731,elapsed_ratio,9.611,cost_revision_to_date_pct,-6.084,state,4.167,financial_progress_pct,3.08
615189,MAKARDHOKRA EXPN OC 4.9 MTY,23.390008624808488,sector,-19.781,elapsed_ratio,9.128,orig_duration_m,-5.679,agency,-5.314,cost_revision_to_date_pct,-3.657
615346,Transmission System for Evacuation of Power from Rajasthan REZ Ph-IV [Part-2 5.5 GW] [Jaisalmer/Barmer Complex] Part C [SPV Name POWERGRID Mandsaur Transmission Limited],61.21410377778326,agency,10.087,state,-9.868,cost_revision_to_date_pct,-5.773,elapsed_ratio,5.37,doc_slip_to_date_m,4.584
615821,TIRAP OCP,2.441039736967189,orig_duration_m,-14.578,sector,-12.537,elapsed_ratio,-11.084,cost_revision_to_date_pct,-7.11,doc_slip_to_date_m,5.396
616843,Ajmer-Chanderiya section 178.28 km Umbrella work PB57/2019-20/NR,14.247757484059065,cost_revision_to_date_pct,-8.534,elapsed_ratio,-7.995,state,-6.437,orig_duration_m,-5.289,financial_progress_pct,-4.498
616879,Demo Bio-ATF Project,32.99132315457034,sector,-11.337,cost_revision_to_date_pct,-8.796,doc_slip_to_date_m,8.217,financial_progress_pct,-4.6,elapsed_ratio,3.922
617255,"Replacement of Converter Vessels, Trunnion Rings, Support System & Installation of Secondary Emission at Bhilai Steel Plant",49.59306123623325,elapsed_ratio,9.176,cost_revision_to_date_pct,-7.181,state,-5.151,doc_slip_to_date_m,2.71,sector,-1.876
617288,MANIKPUR OC EXPANSION PROJECT,1.4591857794235294,sector,-16.334,elapsed_ratio,-13.892,orig_duration_m,-6.095,cost_revision_to_date_pct,-4.502,agency,-2.768
617375,North Eastern Region Expansion Scheme-XXIII [NERES-XXIII],10.627872051304823,elapsed_ratio,-14.555,state,-12.172,agency,8.521,cost_revision_to_date_pct,-8.072,orig_duration_m,-5.059
617803,Transmission System Strengthening at Davanagere for Integration of RE Generation [SPV Name - POWERGRID Davanagere Power Transmission Limited],46.64797372770849,agency,10.079,cost_revision_to_date_pct,-7.718,elapsed_ratio,-6.184,financial_progress_pct,-4.633,orig_duration_m,3.767
617818,"City Gas Distribution [CGD] Project in Gajapati, Kandhamal, Boudh, & Sonepur GA",13.255509394587794,orig_duration_m,-11.988,elapsed_ratio,-10.846,sector,-5.699,cost_revision_to_date_pct,-5.352,financial_progress_pct,-4.341
617827,"Pipeline Rehabilitation Project, Phase-II",4.260197005580779,elapsed_ratio,-13.882,cost_revision_to_date_pct,-8.791,orig_duration_m,-7.682,financial_progress_pct,-5.148,sector,-4.671
617888,Landslide treatment work on NH 58 from Kodiyala Km. 266.130 to Devprayag Km. 296.925 10 location under EPC mode in the State of Uttarakhand on EPC Mode,17.298598145200447,agency,-10.165,elapsed_ratio,7.244,cost_revision_to_date_pct,-7.028,physical_progress,-6.893,snapshot_index,-6.765
617890,Construction of Champawat Bypass with two lane with paved shoulder configuration starting from existing chainage 121.700 to existing chainage 129.450 Design Length 9.847 of NH-125 in District-Champawat in the state of Uttrakhand on EPC mode.,1.7646420435310153,elapsed_ratio,-20.569,agency,-12.251,cost_revision_to_date_pct,-6.831,doc_slip_to_date_m,5.078,original_cost,-3.085
617940,"Rehabilitation and Upgradation of LB-Nagar to Malkapur section to 6-Lane main carriageway with service roads, drains cum footpath, including VUPs and widening of Minor bridge & road safety provisions from Km. 15/00 to Km 40/00 of NH-65 Old NH-9 under NH O for the year 2020-21 in the state of Telangana on EPC Mode.",46.57482028125776,agency,-14.081,elapsed_ratio,10.352,cost_revision_to_date_pct,-5.792,months_past_orig_doc,4.817,doc_slip_to_date_m,-2.552
617943,4-laning of Navelim to Cuncolim Section of NH-66 from Km 554.245 to Km 561.480 on HAM Mode,1.9601121397554635,elapsed_ratio,-20.605,agency,-10.857,cost_revision_to_date_pct,-5.099,doc_slip_to_date_m,2.873,financial_progress_pct,-2.835
617978,"Rehabilitation, upgradation & widening of existing highway to 2L/4LPS Rigid Pavement of NH 160 section- Phaltan to Mhaishal near Karnataka Border including Tasgaon Bypass, from existing chainage Km 301/430 to Km 458/415 in the State of Maharashtra- Package-II & Package III combined- starting from existing chainage Km 341/300 to Km 394/130 and design chainage Km 340/250 at Dahiwadi Village to Km 392/950 ending at Vita Village in the State of Maharashtra on EPC Mode.",7.1679660971542685,agency,-13.886,elapsed_ratio,-12.324,cost_revision_to_date_pct,-5.706,doc_slip_to_date_m,3.963,physical_progress,-3.389
617979,"Rehabilitation, upgradation & widening of existing highway to 2L/4LPS Rigid Pavement of NH 160 section- Phaltan to Mhaisal near Karnataka Border including Tasgaon Bypass, from existing chainage Km 301/430 to Km 458/415 in the State of Maharashtra. Package-I starting from existing chainage Km 301/430 at Phaltan Village Junction of Phaltan Baramati Road Design Chainage -301/430km & ending at existing chainage Km 341/300 Dahiwadi Village Bus Stop Design chainage Km 340466km in the S",19.034589291920728,doc_slip_to_date_m,17.945,agency,-17.449,elapsed_ratio,-9.666,cost_revision_to_date_pct,-6.789,financial_progress_pct,-4.371
618011,Construction of 2 lane with paved shoulder for the work of Development of remaining sections of NH-325 Balotra to sanderao via Jalore to 2 lane with paved shoulder configuration by Construction of Byasses for town portions1 Asotra- Brahmdham bypass 2Siwana Bypass 3 Mokalsar Bypass 4 Major realignment at Kathadi 5 Major realignment at Bishangarh 6 Jalore Bypass 7 Ahore Town portion 8 Dujana Bypass in the state of Rajasthan on EPC Mode,42.93927254707325,elapsed_ratio,9.937,agency,-9.288,cost_revision_to_date_pct,-6.678,months_past_orig_doc,5.016,physical_progress,-3.799
618013,4-laning of Puttaparthi-Koduru Section of NH-342,55.05224347564166,agency,-16.579,cost_revision_to_date_pct,12.482,elapsed_ratio,10.585,doc_slip_to_date_m,6.068,snapshot_index,-4.054
618028,"Construction of Bypass at Kuknoor, Yelburga, Gajendragada of Bhanapur Gaddanakeri section of NH-367 in the State of Karnataka under NHO on EPC mode under Annual Plan 2022-23. NH-367-KNT-2022-23-973 dated 08.02.2023",11.999521918034606,agency,-14.863,elapsed_ratio,-11.944,cost_revision_to_date_pct,-7.172,doc_slip_to_date_m,5.269,months_past_orig_doc,-3.401
618049,Up-gradation to 2/4 lane with paved shoulder configuration of NH-652 from Tuljapur Naldurg-Akkalkot road Chainage from Km. 00.000 to km 30.982 in the State of Maharashtra on EPC mode.,19.242890619533583,agency,-14.065,doc_slip_to_date_m,6.852,cost_revision_to_date_pct,-6.493,elapsed_ratio,6.24,physical_progress,-6.015
618056,Improvement and Up-gradation to two Lane with Paved Shoulder Configuration from existing km. 420.00 Shohrathgarh to km. 454.00 Uska Bazar of NH-730 in the state of Uttar Pradesh EPC basis,43.770896357461055,agency,-11.563,elapsed_ratio,8.863,snapshot_index,3.696,financial_progress_pct,-3.451,doc_slip_to_date_m,-2.964
618087,Widening to intermediate/two lane to 2 lane with paved shoulder from Existing chanages Km 112.750 to 142.00 Liingasur to Mudabal cross & from Km. 147.070 to Km. 149.070 Maski city limit of Jewargi Chamrajnagar setion of NH-150A in the state of Karnataka on EPC mode. Job No. NH-150A-KNT-2021-22-951,50.31353444079658,agency,-14.055,elapsed_ratio,8.846,state,8.547,cost_revision_to_date_pct,-6.276,physical_progress,-5.472
618120,construction of Four-Lane of chausa-Buxar Bypass from Km 45.000 to Km 65.915 Package - 2 in the State of Bihar on EPC Mode.,4.369763710476278,elapsed_ratio,-21.335,agency,-20.022,state,4.13,cost_revision_to_date_pct,-4.028,doc_slip_to_date_m,3.564
618122,Widening to 2 lane with paved shoulded of Jareikela Jharkhand/Odisha Border - Dhabaleswar section from 0/0 to 36/0 of NH-320D in the State of Odisha under Annual Plan 2021-22.,25.81836549873281,agency,-12.034,doc_slip_to_date_m,8.904,state,-6.077,cost_revision_to_date_pct,-6.022,elapsed_ratio,5.079
618129,"Construction of Kasrawad bypass, Selani bypass, Khargone bypass & Bistan bypass Total length. 31.950 km Section of NH-347 C to Two lane with paved shoulder configuration in the State of Madhya Pradesh on EPC mode.",7.814017705536884,agency,-12.77,physical_progress,-9.234,state,-6.915,cost_revision_to_date_pct,-6.061,doc_slip_to_date_m,5.023
618130,Widening to 2 lane with paved shoulders from 0.00 to 32.970 ofAdilabadto Bela section of NH 353B in the State of Telangana,40.86213210899435,agency,-10.914,elapsed_ratio,10.175,cost_revision_to_date_pct,-6.323,doc_slip_to_date_m,6.054,snapshot_index,-3.599
618139,Rehabilitation and Up-gradation of Gangakhed Loha section of NH-361F from Km 169/00 to 210/00 to two lane with paved shoulder/ four lane configuration in the state of Maharashtra on EPC mode Length - 41.00 Km.,43.17239244236768,agency,-11.996,doc_slip_to_date_m,9.085,elapsed_ratio,6.789,cost_revision_to_date_pct,-6.151,orig_duration_m,4.85
618140,Widening to two/four lane with paved shoulders from Km.34.250 to Km.71.830 of NH- 365A on Kodad-Khammam-Kurvi road.,34.31555834838475,agency,-12.498,doc_slip_to_date_m,7.79,cost_revision_to_date_pct,-6.076,months_past_orig_doc,-3.705,financial_progress_pct,-3.676
618150,Rehabilitation and Up-gradation of i. Deogaon phata to Digras phata Ch. 0/000 to 15/000 & Selu to Borgavhan Ch 20/900 to 35/800 [Length 29.9km] ii. Injegaon Dhamoni to Pohner Phata Ch.58/200 to Ch. 83/700 [Length25.5 km] and iii. Pohner phata to Pathri Design Ch. 42/700 to 58/200 [Length 15.5 km] sections of NH-548B to Two lane with paved shoulder configuartion in the state of Maharashtra on EPC mode Total project length 70.9 Km.,13.255647137954702,agency,-16.271,elapsed_ratio,-11.832,cost_revision_to_date_pct,-5.982,doc_slip_to_date_m,5.68,financial_progress_pct,-4.155
618166,Construction of 4-lane green field highway from Km. 35.000 to Km. 49.155 of NH- 731A with paved shoulders on Hybrid Annuity Mode in the state of Uttar Pradesh,33.76563633417584,elapsed_ratio,11.017,agency,-9.907,physical_progress,-9.338,cost_revision_to_date_pct,-5.113,financial_progress_pct,-4.001
618168,Widening to four lane with paved shoulder from Design Km.49.200 to Km.89.285 of NH-731B on EPC mode in the state of Uttar Pradesh,38.99803165770482,elapsed_ratio,11.363,agency,-10.03,cost_revision_to_date_pct,-5.942,snapshot_index,-4.235,doc_slip_to_date_m,3.887
618190,Widening to two lane with paved shoulders of 'Bodhan Basar Bhainsa ' section from Km 38/900 to 95/300 of NH-161BB in the state of Telangana under Annual Plan 2021- 22 on EPC Mode under NH O.,34.649749571235525,agency,-14.93,elapsed_ratio,8.649,physical_progress,-7.865,cost_revision_to_date_pct,-4.495,snapshot_index,3.339
618204,Construction of realignment between Pandrass- Pashkyun Total length 27.10 km on road Zozila-Kargil -Leh NH-1 to 2 lane specifications i.e. Drass alignment 9.30 km Kharboo realignment 6.30 km & Kargil alignment 11.50 km under project Vijayak BRO in the UT of Ladakh on EPC Mode,46.38311230653815,elapsed_ratio,10.219,agency,-8.417,cost_revision_to_date_pct,-7.054,snapshot_index,3.499,financial_progress_pct,-3.372
618209,Construction & up gradation of existing road to 2-Lane with paved shoulder from existing chainage km 468000 to km 489350 Design Chainage km 465150 to km 471500 of NH-07 Old NH-58 including Joshimath bypass on EPC mode in the state of Uttarakhand Length 6.35 km,36.28247219645011,agency,-10.153,elapsed_ratio,10.11,cost_revision_to_date_pct,-6.727,snapshot_index,-4.68,state,4.675
618221,Rehabilitation and upgradation to 2 lane with paved shoulder from existing chainage Km 166.100 to Km 192.98 design chainage Km 146.700 to Km 162.800 including construction of Bhimber Gali Tunnel Total Length of Tunnel 1.100 Km under 31 BRTF on Akhnoor-Poonch Roads on EPC mode NH-144A Package-VII,46.35267808403891,agency,-10.369,elapsed_ratio,9.066,cost_revision_to_date_pct,-5.634,kw_tunnel,5.215,months_past_orig_doc,-4.273
618228,construction of a new 4 lane Parallel to existing MG Setu with its approaces from km 0.00 to km 14.500 across river Ganga on NH-19 at Patna in the state of Bihar.,44.70274110142269,agency,-15.747,elapsed_ratio,11.2,state,8.881,doc_slip_to_date_m,-6.926,orig_duration_m,-5.548
618296,Balance work of Construction of 2-lane with hard shoulder of Kohima - Jessami road on NH-29 old NH-150 from existing km 98.380 near Chizami vill. to km120.367 Nagaland/Manipur Border [Design km 95.700 to design km 117.200] [Design Length 21.500 km] in the state of Nagaland Under Bharatmala Pariyojna on EPC Mode Package-V under NHO,42.82784928390397,elapsed_ratio,10.028,state,-7.194,agency,-7.15,cost_revision_to_date_pct,-6.864,physical_progress,-4.735
618303,Widening/Improvement to 2-lane with earthen shoulder of Yaingangpokpi - Finch corner road section of NH-202 from Km 0.000 to Km 16.900 of NH-202 in the state of Manipur on EPC mode Package-1,61.87094704097069,state,10.136,agency,-9.405,elapsed_ratio,8.88,months_past_orig_doc,8.009,doc_slip_to_date_m,-6.514
618306,"Widening/Improvement to 2 lane with earthen shoulder of Choithar to Marrem Khullen section of NH-202 of Imphal Ukhrul Jessami Economic Corridor from Design Chainage km 53.110 to km 95.700 in the State of Manipur on EPC mode under Bharatmala Pariyojana, under NHO-NE Package-5",34.63881561790015,agency,-9.066,orig_duration_m,8.115,elapsed_ratio,-6.681,state,6.063,cost_revision_to_date_pct,-5.861
618323,Construction of Twin Tube Uni-directional Aizawl Bypass Tunnel of 2.5 km and its approaches of 2.1 km from km 10.600 to km 15.200 on Sarrang - Phaibawk section of NH-6 in the State of Mizoram on EPC Mode under NHO-NE Package-2,8.79817554096623,elapsed_ratio,-20.704,agency,-8.8,kw_tunnel,7.249,cost_revision_to_date_pct,-5.203,orig_duration_m,-3.885
618355,"Construction of of 2 -Lane with paved shoulders road from Tamenglong-Tousem- Lisang-Mahur Road NH-137 starting near Dialong Village from km 10.000 at Dialong to km 31.430 near Old Tamenglong , near Barak River on EPC Mode Package-2",59.03024284184285,agency,-8.588,elapsed_ratio,8.325,months_past_orig_doc,6.94,state,6.893,cost_revision_to_date_pct,-5.206
618357,Construction of 2 -Lane with paved shoulders road from Tamenglong to Mahur NH- 137 in Manipur starting from km 54.180 near Azuram to km 80.630 near Mandeu on EPC Mode Package 5,63.67451441761145,elapsed_ratio,8.943,agency,-7.46,state,6.732,months_past_orig_doc,6.341,cost_revision_to_date_pct,-5.184
618364,"Widening to 2 Lane with Hard shoulder of Akegwo-Avangkhu section of NH-202K for Package-I Design Chainage 0000 Km to 34795 Km, in the State of Nagaland on EPC mode under NH O-NE",35.2948058627581,elapsed_ratio,11.435,state,-8.783,agency,-7.526,cost_revision_to_date_pct,-6.561,doc_slip_to_date_m,6.425
618375,Improvement/Widening to 2-Lane with Paved Shoulder from design Km 45.760 to Km 63.530 between Shillong-Dawki under JICA ODA Loan assistance Phase-II -Balance work Pkg-4,50.08033248548185,elapsed_ratio,10.618,agency,-7.417,cost_revision_to_date_pct,-6.506,doc_slip_to_date_m,3.777,financial_progress_pct,-3.635
618403,Construction of Intermediate Lane Road with hard shoulder from design Km 0.000 to Km 17.387 Total length 17.387 km of Hunli to Ithun Bridge section on NH-913 Frontier Highway in State of Arunachal Pradesh on EPC mode under NHO-NE,29.28350637147468,state,-16.15,agency,-8.738,doc_slip_to_date_m,7.495,cost_revision_to_date_pct,-4.582,elapsed_ratio,3.417
618417,"Construction of 4-Lane with paved shoulder Agartala bypass Western side, length 25.402 km connecting NH-8 near Amtali to NH-108B near Lembuchhera in the state of Tripura on EPC basis under NHO-NE",43.69795190006904,elapsed_ratio,7.343,agency,-7.312,cost_revision_to_date_pct,-5.607,doc_slip_to_date_m,4.881,financial_progress_pct,-3.266
618429,Construction & upgradation of existing road to 2-lane with paved shoulder including geometric improvement of sect. from Pedong bypass to Reshi Border km 79.700 to km 96.254 of NH-717A under SARDP-NE-A on EPC as part of Alternate connectivity to Gangtok Lava More-Reshi Border Pkg-VB,57.92813925833178,months_past_orig_doc,8.298,agency,-8.191,elapsed_ratio,7.165,financial_progress_pct,7.145,cost_revision_to_date_pct,-7.112
618431,Construction of alternative highway to Gangtok in Sikkim via Bagrakot -Chuikhim- Nimbong -Kafer-Bakhim-Algarah-Rhenock in the State of West Bengal and from Rhenok-Rorathang-Pakyong along with spur from Aritar-Rolep-Menla in the State of Sikkim from Km 13.00 to Km 25.60 of Bagrakot -Kafer section of NH 717A on EPC Mode under Phase-A of SARDP-NE in the State of West Bengal PKG- IVB,55.44127100236095,agency,-10.296,elapsed_ratio,10.192,doc_slip_to_date_m,-5.901,cost_revision_to_date_pct,-5.301,months_past_orig_doc,4.508
618433,Construction of Balance work of 2-Lane with PS of Joram Koloriang Road from existing Km122.600 to km138.00 [Design Km108.724 to Km123.714] in Arunachal Pradesh on EPC Mode under SARDP-NE Pkg-7,40.619794537475485,state,-14.675,elapsed_ratio,9.793,agency,-9.746,months_past_orig_doc,8.371,doc_slip_to_date_m,-6.396
618442,"Construction of Balance Work of the 4-Laning of the Section from Jorhat to Jhanji of NH-37 Old from Km 477.000 to Km 490800 13.800 Km, under SARDP- NE under EPC Mode in the state of Assam Pkg-III Road Works",56.37820117094992,elapsed_ratio,10.456,months_past_orig_doc,7.229,d_expenditure,5.538,cost_revision_to_date_pct,-5.53,state,4.589
618447,Construction of 2-Laning with Paved Shoulder of New Greenfield Alignment From Helipad near Menla at Km 82000 to Menla at Km 94030 of Rhenock-Menla Spur NH- 717B Package-IIIB on EPC Basis under SARDP-NE Phase 'A' in the State of Sikkim.,43.92299472487565,agency,-13.09,elapsed_ratio,10.884,doc_slip_to_date_m,-7.983,months_past_orig_doc,5.114,cost_per_month_planned,-3.331
618450,Rehabilitation & Upgradation of existing road to 2-lane with paved shoulder including geometric improvement of section from start of Rabangla km33.600 to km58.840 under SARDP-NE Phase A Pkg- IV,50.362809057140765,agency,-10.328,months_past_orig_doc,7.424,elapsed_ratio,7.39,doc_slip_to_date_m,-5.679,cost_revision_to_date_pct,-5.307
618462,Delhi-Vadodara Greenfield Alignment NH-148N Pkg-31 Ch.824920 to Ch.844382 [Junction near Pratap nagar Village - Junction near Dodka Village],94.78877085976416,agency,18.729,elapsed_ratio,7.957,state,5.997,months_past_orig_doc,5.576,doc_slip_to_date_m,-5.471
618470,Vadodara Mumbai Expressway Phase II - Pkg XIV [Km. 3.000 to Km. 20.200 of Spur] Shirsad - Akloli,76.60694930825736,agency,13.21,elapsed_ratio,5.894,state,5.764,cost_revision_to_date_pct,-5.182,doc_slip_to_date_m,-4.934
618475,Bangalore Chennai Expressway Phase-II Pkg-II from km.96.000 to Km 127.000 Baireddypalle to Bangarupalem section,91.112818939416,agency,16.045,financial_progress_pct,8.982,elapsed_ratio,5.696,cost_per_month_planned,3.442,cost_revision_to_date_pct,-3.371
618504,Ahmedabad - Dholera Pkg IV from km. 71.06 to km. 109.019 [Start of DSIR zone - Adhelai Village],95.20064495815753,agency,15.235,elapsed_ratio,8.24,state,6.003,financial_progress_pct,5.495,months_past_orig_doc,4.644
618505,Additional Structures on 6LGurgaon-Jaipur Section of NH-48 between KM 42.700 to KM 273.00,95.64533475885555,cost_revision_to_date_pct,21.294,agency,11.357,elapsed_ratio,6.835,months_past_orig_doc,3.726,orig_duration_m,3.144
618512,Tunnel at Khambataki Ghat Section and its approaches from existing Km. 771.730 to existing Km. 782.000,95.03121425800822,agency,17.313,elapsed_ratio,8.125,doc_slip_to_date_m,-7.097,months_past_orig_doc,6.459,kw_tunnel,5.456
618516,6L from Sankeshwar Bypass to MH-KNT Border from Km. 555.017 to Km. 592.853 of NH-48 Pkg-II,96.39261148456843,cost_revision_to_date_pct,15.984,agency,14.194,elapsed_ratio,9.508,snapshot_index,2.366,doc_slip_to_date_m,-2.345
618517,4/6L of Bangalore - Pune Section of bypass connecting Dharwad - Hubli from km. 403.80 to km. 433.20,95.23102716346902,cost_revision_to_date_pct,13.379,agency,10.926,elapsed_ratio,9.135,state,4.701,financial_progress_pct,4.446
618544,"4L twin tube tunnel including approaches from Digdol to Khuni Nallah North Bound connecting with existing major bridge on NB and South Bound connecting with Tunnel T4 ,Single tube tunnel of Ramban to Banihal Pkg-II of Old NH-1A New NH-44",98.44213835317616,cost_revision_to_date_pct,18.693,agency,9.588,elapsed_ratio,7.209,kw_tunnel,4.529,months_past_orig_doc,3.299
618545,"4L of Km.165.092 to Km.171.855 North Bound and from Km.166.895 to Km.173.638 South Bound, excl. certain reaches of North Bound and South Bound of Ramban to Banihal Pkg-III of Old NH-1A New NH-44",94.89320956698552,cost_revision_to_date_pct,18.933,agency,10.375,elapsed_ratio,9.15,doc_slip_to_date_m,-4.466,months_past_orig_doc,4.002
618554,Construction of left out portion of Agra Inner Ring Road connecting village Deori to NH-44 village Bad from Km. 0.000 to Km. 7.772,93.85297064457016,agency,15.971,elapsed_ratio,7.099,months_past_orig_doc,4.402,cost_revision_to_date_pct,4.384,cost_per_month_planned,2.592
618561,Improving the Alignment of Thoppur Ghat Section from Km 158.500 to Km 165.100 in Dharmapuri - Salem Section of NH-44,61.46718477105282,agency,16.91,cost_revision_to_date_pct,15.622,elapsed_ratio,-13.409,doc_slip_to_date_m,5.978,orig_duration_m,-4.085
618585,6L of Gonde Km. 439.038 to Pimpri Sado Km. 459.905 section of NH-848 Old NH-3,70.10308491698561,cost_revision_to_date_pct,18.056,agency,13.445,months_past_orig_doc,-4.721,doc_slip_to_date_m,3.249,financial_progress_pct,-2.848
618588,4L Mitigation Measure structures on CH/MH Border to Wainganga Bridge Section of NH-6 New NH-53,94.28277928410256,cost_revision_to_date_pct,19.029,agency,11.353,elapsed_ratio,7.182,months_past_orig_doc,6.423,physical_progress,-5.683
618590,Durg-Raipur-Arang Package - 2 from km. 44.50 to km. 92.23 near Khatti Village to near Aurang,83.33737164945303,agency,13.669,cost_revision_to_date_pct,12.898,elapsed_ratio,6.496,state,-6.127,doc_slip_to_date_m,-3.043
618591,"Construction of 6-lane flyover at Ainthapali junction and a 2-lane ROB LHS on NH-53 Earlier NH-6 in Sambalpur, on EPC mode in Odisha under NHO",79.56759814092041,cost_revision_to_date_pct,21.666,agency,11.86,doc_slip_to_date_m,8.428,snapshot_index,-3.822,financial_progress_pct,-3.43
618608,4L of left-over works including additional structures from Kerala/Tamil Nadu border to Kanyakumari Section from Km 43.0 to Km 96.174 of NH66,96.82850363918882,cost_revision_to_date_pct,16.434,agency,13.902,elapsed_ratio,6.878,doc_slip_to_date_m,-2.735,snapshot_index,2.545
618612,Deogarh near Dhandhaniya-Rajasthan/Gujarat Border Phase-I AJ/DRGB-Package-6,91.28326578132298,cost_revision_to_date_pct,15.093,agency,14.782,elapsed_ratio,7.423,physical_progress,-5.462,months_past_orig_doc,4.952
618613,Deogarh near Dhandhaniya-Rajasthan/Gujarat Border Phase-I AJ/DRGB-Package-7,86.10204910103145,agency,17.963,elapsed_ratio,8.041,months_past_orig_doc,6.121,physical_progress,-5.674,doc_slip_to_date_m,-5.429
618628,Strengthening of Existing Alignment of Pandharpur Town Part Bypassed Section of NH 965 from KM 36.230 to KM 44.230 from Chh. Shivaji Maharaj Chowk to Wakhari,77.02417501620864,cost_revision_to_date_pct,20.578,agency,12.836,elapsed_ratio,6.686,snapshot_index,-4.921,financial_progress_pct,4.775
618630,6L of MH/KN Border Nimbal Village to KN/TS Border Singnodi Village from Km. 26.000 to Km. 97.000 in Gulbarga of NH-150C Pkg-II,95.4720225961342,cost_revision_to_date_pct,14.96,agency,10.476,elapsed_ratio,9.061,state,4.988,snapshot_index,2.404
618633,4L of Kadapa China Orampadu section of NH-716 Package I of Kadapa-Renigunta section,41.88036782672332,elapsed_ratio,-13.114,agency,12.31,cost_revision_to_date_pct,-8.575,financial_progress_pct,-7.681,doc_slip_to_date_m,6.52
618635,6L of Pondavakkam to Kannigaipair from km 96.040 to km 116.100 of NH 716B Pkg- IV,82.39735902427911,agency,15.435,state,7.659,doc_slip_to_date_m,-7.451,elapsed_ratio,7.353,cost_revision_to_date_pct,-4.895
618647,6L Access Controlled Ludhiana-Bathinda Greenfield highway from Jn. with Amritsar- Bathanda Greenfield Road NH-754A near Rampura Phul to Jn. with Moga-Barnala Road NH-703 near village Tallewal from Km 0.0 to Km 30.3 of NH-754AD Pkg-1,95.00160953362528,agency,17.008,elapsed_ratio,8.356,state,5.444,snapshot_index,3.04,financial_progress_pct,2.88
618668,4L of Chowka to Kaimaha near MP/UP Border section NH-34 from D. Ch. 145.000 to D. Ch. 197.266 excluding existing Chhatarpur bypass from D. Ch. 160.307 to D. Ch. 168.630 Package-4,67.78287485168435,doc_slip_to_date_m,22.384,state,-17.956,cost_revision_to_date_pct,17.267,agency,13.26,elapsed_ratio,-8.089
618684,Outer Ring Road of Jabalpur Town from Manegaon to NH-45 Pkg-2,88.39486390079709,agency,16.408,cost_revision_to_date_pct,15.05,elapsed_ratio,7.27,state,-6.923,financial_progress_pct,3.18
618697,4LPS Access Controlled Highway of Bellary Bypass Balance work from Ch. 254750 to Ch. 266837 and construction of 4LPS from Ch. 277.690 to Ch. 278.690 at D. Hirehal Village Balance work of NH 150A of Bellary Byrapura Section,71.46370366070065,cost_revision_to_date_pct,22.145,agency,10.576,months_past_orig_doc,-5.787,doc_slip_to_date_m,-5.247,snapshot_index,-4.997
618702,4L of Addahole Near Gundya to Bantwal Cross section Pkg-02 from Design Km 270.270 to Design km 318.55 including flyover at Kalladka Town including approaches from Km. 311.57 to Km. 313.67 of NH-75 Old NH-48,95.1472365012533,cost_revision_to_date_pct,13.649,agency,10.025,elapsed_ratio,7.702,doc_slip_to_date_m,-5.428,months_past_orig_doc,4.709
618711,6L with access control provision Saharanpur bypass to Ganeshpur section from 13.89 Km to 41.820 Km of Delhi- Dehradun Economic Corridor package-2,94.2634265199921,cost_revision_to_date_pct,21.575,agency,13.648,elapsed_ratio,7.145,progress_gap_pct,-3.515,physical_progress,-3.403
618713,6L Access Controlled Greenfield Highway from Yerragudipadu Ch. 129000 to Audireddipalle Ch. 160000 of [NH 544G] Package-6,85.70815509061977,cost_revision_to_date_pct,18.358,agency,14.065,elapsed_ratio,5.82,doc_slip_to_date_m,-5.273,financial_progress_pct,-4.126
618716,6L Access Controlled Greenfield Highway from Vankarakunta Ch. 45700 to Odulapalle Ch. 72000 of [NH-544G]Package-3,94.65537954209378,agency,16.089,elapsed_ratio,6.55,cost_revision_to_date_pct,5.93,state,3.242,orig_duration_m,3.061
618717,6L Access Controlled Greenfield Highway from Vanavolu Ch. 24300 to Vankarakunta Ch. 45700 of [NH-544G] Package-2,93.66083474782914,agency,15.027,cost_revision_to_date_pct,14.174,elapsed_ratio,7.715,doc_slip_to_date_m,3.069,cost_per_month_planned,-2.508
618723,6L access Controlled Greenfield Highway from Ranipur Barsi to Adhoya Musalmana section of Shamli -Ambala Package-II Design Ch. Form km 45.500 to km 84.400,96.18095461472709,cost_revision_to_date_pct,16.45,agency,15.305,elapsed_ratio,8.072,doc_slip_to_date_m,-3.005,state,-2.947
618727,6L Greenfield Varanasi-Ranchi-Kolkata Highway from junction with Bhabhua-Adhaura road in Bhairopur village to Konki village From KM. 54.000 to KM. 90.000Pkg-3,57.96415426402024,agency,19.253,elapsed_ratio,-14.266,state,11.422,cost_revision_to_date_pct,-7.004,doc_slip_to_date_m,5.386
618735,4L of Chandesara to Khedakhajuriya from Km. 0.000 to - 750 & Km 0.000 to km 41.400 of NH-148NG Pkg-I,63.387290217772005,agency,12.708,state,-10.377,cost_revision_to_date_pct,-8.904,months_past_orig_doc,5.757,elapsed_ratio,5.217
618739,4L Greenfield Alignment of Amas to Shivrampur from 0.000 Km. to 55.002 Km. of NH 119 D Pkg-I,96.1115238055108,agency,18.538,state,14.017,elapsed_ratio,7.628,financial_progress_pct,4.163,cost_revision_to_date_pct,-3.703
618740,4L Greenfield Alignment of Shivrampur to Ramnagar from Km. 55.002 to Km. 109.300 of NH 119 D Pkg-II,96.53296015370324,agency,19.075,state,11.694,elapsed_ratio,8.21,financial_progress_pct,4.066,doc_slip_to_date_m,-3.997
618746,Khammam-Devarapalle Pkg I [4L Access Controlled Greenfield from Thallampadu village to Somavaram village Design Chainage 0000 to 33604],90.56616055845096,agency,17.615,financial_progress_pct,8.647,elapsed_ratio,7.124,cost_revision_to_date_pct,-5.998,months_past_orig_doc,3.723
618754,Upgradation of 2L/4L with Paved Shoulder of Shirwal-Lonand Section from KM 159900 To KM 188025 of NH-965DD Section I and 2L With Paved Shoulder of Lonand-Satara Section from KM 51500 To KM 96246 Of NH-965D Section II in Satara District in the State of Maharashtra on EPC Mode under NHO-,78.84508931853075,cost_revision_to_date_pct,19.235,agency,13.348,doc_slip_to_date_m,6.75,elapsed_ratio,-6.573,orig_duration_m,4.501
618790,Construction of four laning of Bakarpur- Manikpur road section starting from village Chitarsenpur km 0000 and terminating at SH-74 near Manikpur 38814 at NH-139W under Bharatmalapariyona,84.31433380523092,agency,22.344,state,10.19,doc_slip_to_date_m,4.715,financial_progress_pct,3.635,months_past_orig_doc,-3.323
618795,Amritsar Bypass Pkg III from km. 71.496 to km. 105.158,96.21741225053316,agency,13.595,cost_revision_to_date_pct,11.287,elapsed_ratio,8.491,months_past_orig_doc,4.09,doc_slip_to_date_m,-2.967
618796,Tanot -Ramgarh-Bhadasar-Jaisalmer NH-68 and BhadasarMokal-Sarkaritala up to Pakisthan Border NH-968 Pkg-BM/5,83.45882710886268,agency,15.669,financial_progress_pct,8.805,elapsed_ratio,7.41,months_past_orig_doc,7.325,doc_slip_to_date_m,-5.117
618804,Dedicated Port road to Krishnapatnam Port Package-I from Km. 0.000 to Km. 18.000,91.34357532837372,agency,14.765,financial_progress_pct,8.717,doc_slip_to_date_m,-8.516,elapsed_ratio,7.823,months_past_orig_doc,5.308
618807,"4L Greenfield Road connecting North and South industrial cluster of Khandaleru Creek near Krishnapatnam port at Thamminapatnam to Mollur from Km 0.0 to Km 16.046, Part I & 6L extension of dedicated port road of NH-67 Km 18.0 to Km 19.3, Part II",95.05982441860348,agency,13.682,elapsed_ratio,7.131,financial_progress_pct,4.581,cost_revision_to_date_pct,3.744,state,3.682
618809,4L of Beas-Mehta-Batala-Dera Baba Nanak from intersection with Jalandhar-Amritsar Highway NH-3 near Beas till start of Batala Bypass near Village Acchhal from Km. 0.000 to Km. 31.300 Pkg-1,92.33023620141728,agency,15.883,elapsed_ratio,8.128,cost_revision_to_date_pct,-5.412,state,5.355,progress_gap_pct,4.07
618827,4 Laning of NH-544D from Km 37.000 to km 69.000 of Muchukota- Bugga section Pkg-2,91.64582885271774,agency,18.259,elapsed_ratio,6.707,financial_progress_pct,4.163,snapshot_index,3.277,cost_revision_to_date_pct,3.169
618838,4L of Karwar Km. 281.980 of NH-62 Nagaur road to Dangiyavas of Jodhpur Ring Road Pkg-II,88.86060361903095,cost_revision_to_date_pct,18.447,agency,14.576,elapsed_ratio,6.145,physical_progress,-5.47,progress_gap_pct,-4.551
618840,Simaria Km. 206.050 to Khagaria Km. 266.282,96.4619265136365,agency,14.227,state,13.167,elapsed_ratio,8.893,doc_slip_to_date_m,-7.982,financial_progress_pct,7.044
618841,4L Elevated Section and at-grade improvements at Begusarai town Simaria - Khagaria section from Km. 221.047 to Km. 225.302 of NH-31,96.41036008722202,cost_revision_to_date_pct,13.983,agency,10.765,elapsed_ratio,9.694,state,7.97,months_past_orig_doc,2.412
618845,Puducherry Km.29.000 to Poondiyankuppam Km.67.000,96.9454752850134,agency,11.903,elapsed_ratio,7.782,cost_revision_to_date_pct,7.344,state,7.139,months_past_orig_doc,4.907
618847,Sattanathapuram to Nagapattinam from Km 123.800 to Km 179.555,96.36344942691235,agency,15.309,state,8.493,elapsed_ratio,7.861,doc_slip_to_date_m,-7.121,financial_progress_pct,4.538
618850,Nerchowk km 190.000 to Pandoh including Pandoh bypass km221.305,96.4776232683988,state,13.031,agency,11.293,elapsed_ratio,9.652,financial_progress_pct,7.195,doc_slip_to_date_m,-7.018
618852,4L Sundar Nagar Bypass from Km.173.900 to Km.179.600 of NH-21,92.39564023890831,state,17.949,agency,14.231,financial_progress_pct,8.968,elapsed_ratio,8.007,physical_progress,-4.325
618861,Bakhtiyarpur-Rajauli Pkg-II from km. 54.405 to km.101.630,95.6333982660503,agency,14.613,state,13.39,elapsed_ratio,9.893,doc_slip_to_date_m,-6.009,financial_progress_pct,5.91
618870,4L PS from near Hemmige Village Periyapatna - Hassan Road Jn. to near Hunsur - KR Nagar Jn section from Km. 144.900 to Km. 169.000 of NH-275 Pkg. III,82.72148852656119,agency,17.219,financial_progress_pct,9.892,state,6.447,elapsed_ratio,-6.147,cost_revision_to_date_pct,-6.027
618887,4L of Bettadahalli- Shivamogga section from Km.170.415 to km. 226.750 of NH-206 Tumkur- Shivamogga Pkg-IV,85.92246490184561,agency,12.598,elapsed_ratio,8.931,cost_revision_to_date_pct,-8.302,financial_progress_pct,6.791,doc_slip_to_date_m,-5.523
618888,Rehabilitation and Up-gradation of existing road to 2L PS from End of Hamirpur Bypass near Chilbahal to Bhangbar section from Km. 138.295 to Km.175.270 of NH- 88 Pkg-IV,95.10677740263324,agency,15.467,state,13.39,financial_progress_pct,8.323,elapsed_ratio,6.913,cost_revision_to_date_pct,-4.181
618889,"4L of Bhangbar Near Ranital to Kangra Bypass Section of Old NH-88 New NH- 303,503 up to Intersection with NH-154 from Km 175.270 to Km 193.400 Pkg-VB",95.77767872320184,agency,16.977,state,14.026,elapsed_ratio,7.583,financial_progress_pct,5.406,cost_revision_to_date_pct,-4.53
618890,2L PS of Hamirpur Bypass from Km 121.175 to Km.138.295 of NH-103&3,94.5219126489484,state,16.781,agency,15.944,elapsed_ratio,7.856,financial_progress_pct,7.478,cost_revision_to_date_pct,-4.394
618891,4L PS from Kalar Bala Village to Nauni Chowk of NH 205 from Km 41.000 to Km 58.450,77.19279119376823,agency,18.569,cost_revision_to_date_pct,14.917,elapsed_ratio,-6.751,doc_slip_to_date_m,3.878,snapshot_index,-3.796
618898,Balance Works for Four laning of Vikravandi to Sethiyathope section from Km 0.0 to Km 65.96 of NH-45C in Tamil Nadu under NHDP Phase-IV on EPC mode,91.45018540692482,cost_revision_to_date_pct,18.39,agency,15.841,doc_slip_to_date_m,6.947,elapsed_ratio,-5.888,state,4.609
618899,Kallagam km.38.700 to Meensurutti Km.98.433 of NH-227 in Tamil Nadu,79.87759770078338,agency,16.313,months_past_orig_doc,9.932,doc_slip_to_date_m,-7.706,physical_progress,-6.467,elapsed_ratio,6.11
618901,4L PS Divided Carriageway from Patan Near Rajpur to Gojariya From Km 52.000 to Km 128.940 of NH-68,81.51759563428965,agency,19.187,elapsed_ratio,7.757,snapshot_index,-5.141,doc_slip_to_date_m,-4.043,state,3.371
618902,Maheshkunt-Saharsa-Purnea Pkg I km 0.00 to km. 90.00 of NH-107,98.12931858954228,agency,16.251,state,12.66,cost_revision_to_date_pct,-8.88,elapsed_ratio,7.724,financial_progress_pct,5.634
618903,Maheshkunt -Saharsa-Purnea Pkg II,97.01357608190052,agency,12.862,state,10.9,elapsed_ratio,7.853,doc_slip_to_date_m,-7.635,months_past_orig_doc,5.414
618921,4L of Kathlighat to Shakral Village from Km 128.835 to Km 146.300 of NH- 5 Shimla Bypass - Pkg I,97.14823838744236,agency,14.856,state,14.642,elapsed_ratio,9.861,financial_progress_pct,3.588,doc_slip_to_date_m,-3.299
618936,Jagadhari - Tajewala from Km -0.175 to 32.337 km of NH-344,96.10448887650564,cost_revision_to_date_pct,15.135,agency,12.949,elapsed_ratio,8.418,financial_progress_pct,4.022,doc_slip_to_date_m,-2.951
618942,Balance work of 2L PS from Km 30.800 to Km 70.800 and 2L with Rigid Carriageway from Km 70.800 to km 84.120 of Khanapur- KA/GOA Border section of NH-4A,95.18659706920003,cost_revision_to_date_pct,22.215,agency,12.401,elapsed_ratio,6.639,doc_slip_to_date_m,-4.144,months_past_orig_doc,3.832
618951,Hariharganj to Parwa Mode section from km 23.284 to km 57.049 of NH-98,95.45847651544116,agency,16.286,elapsed_ratio,8.361,financial_progress_pct,6.463,months_past_orig_doc,4.445,cost_revision_to_date_pct,-3.325
618952,4L of Sahibganj - Manihari Ganga Bridge including Manihari Bypass,92.67893013695864,agency,14.433,elapsed_ratio,10.107,financial_progress_pct,8.84,doc_slip_to_date_m,-6.554,progress_gap_pct,4.367
618953,Umagaon-Saharsa Package-IV Koshi Bridge & approach Road - Bheja-Bakaur,96.63024752374842,agency,16.88,state,12.023,elapsed_ratio,9.087,doc_slip_to_date_m,-5.613,months_past_orig_doc,4.14
618955,2L PS of Majhauli to Charout section from km. 0.00 to km. 63.655,97.44145878112366,agency,13.617,state,11.267,elapsed_ratio,7.597,financial_progress_pct,6.776,months_past_orig_doc,6.736
618976,"Gadarwara Super Thermal Power Project, Stage-II [2x800 MW]",44.996887148957896,agency,16.65,elapsed_ratio,-11.82,state,-7.437,cost_revision_to_date_pct,-7.427,sector,7.071
619003,Solan - Kaithlighat Section of NH-22 Now NH-5 from Km. 106.139 to Km.129.05,98.03655251763185,state,11.729,agency,11.023,elapsed_ratio,10.054,financial_progress_pct,9.169,doc_slip_to_date_m,-6.037
619031,Delhi Metro Rail Phase V A,6.463865259743211,elapsed_ratio,-18.099,cost_revision_to_date_pct,-7.844,orig_duration_m,-7.297,cost_per_month_planned,6.939,sector,-6.817
619071,Tumkur - Nelamangala 6L,95.78989206299052,cost_revision_to_date_pct,13.137,agency,12.846,elapsed_ratio,8.422,state,5.772,doc_slip_to_date_m,-2.949
619072,Bangalore/TN border to Hoskote,91.49844899807688,agency,12.265,financial_progress_pct,9.274,elapsed_ratio,7.558,state,4.711,cost_revision_to_date_pct,-3.709
619078,Six Laning of Bihar - Jharkhand Border Chordaha - Gorhar section of NH-2 from km 249.525 to km 320.810,95.1993018926101,agency,17.362,elapsed_ratio,11.02,doc_slip_to_date_m,-7.088,months_past_orig_doc,6.14,original_cost,2.661
619087,Widening to 6L of Existing 4L Jetpur - Gondal - Rajkot Section from Km. 117.600 to Km. 185.00 on NH-27,98.10416837643608,cost_revision_to_date_pct,15.264,agency,12.638,elapsed_ratio,6.914,state,3.971,snapshot_index,3.071
619089,Balance work of 4L of NarimbangloJatinga Junction- Harangajoroad section from Km 0.000 to Km 49.230 of NH-27,87.35212538635979,agency,15.316,elapsed_ratio,10.464,financial_progress_pct,6.544,cost_revision_to_date_pct,-4.616,doc_slip_to_date_m,3.036
619093,4L Ismailabad to Ambala Section of NH-152 Lot-4/Package-1,93.70082932248572,agency,12.271,cost_revision_to_date_pct,11.897,elapsed_ratio,8.29,state,6.153,snapshot_index,-3.541
619095,Balance works of 4L Panvel Indapur section of NH66 old NH17 from km 42.300 kasu to km 84.600 Indapur,96.06236762839904,cost_revision_to_date_pct,15.282,agency,13.231,elapsed_ratio,6.719,months_past_orig_doc,4.786,financial_progress_pct,3.438
619097,Thalassery Mahe Bypass Km 170.600 to Km 189.200 of NH-17New NH-66 in Kerala,66.91666413390458,agency,12.132,financial_progress_pct,11.527,cost_revision_to_date_pct,-8.947,doc_slip_to_date_m,-8.566,elapsed_ratio,6.118
619101,4L Shahpur to Muktainagar from Km. 186.000 to km 216.278 of NH 753L Pkg II of Boregaon Buzurg to Muktainagar,94.235715685098,agency,16.758,cost_revision_to_date_pct,11.982,elapsed_ratio,8.894,doc_slip_to_date_m,4.444,state,3.712
619109,6L of Badakumari - Karki Section from Km 179.000 to km 226.500 of NH-130-CD Package OD-3,81.55392376488466,agency,19.373,elapsed_ratio,7.599,cost_revision_to_date_pct,-5.767,physical_progress,-5.722,months_past_orig_doc,4.439
619120,Nidagatta-Mysore Pkg II,84.9342067597058,financial_progress_pct,13.245,agency,10.394,elapsed_ratio,8.713,months_past_orig_doc,7.794,doc_slip_to_date_m,-6.776
619134,6L of Ambala-Chandigarh greenfield section from Km. 0.000 to Km. 25.000 with 4L spur to Lalru from Km. 0.000 to Km. 5.828 & spur to PR-7 road from Km. 0.000 to Km. 11.157,97.23113351021316,agency,16.578,state,10.395,elapsed_ratio,7.925,financial_progress_pct,4.074,cost_revision_to_date_pct,-3.417
619136,Rehabilitation and Upgradation of Chorma - Bairgania Section of National Highway No 227F to 2 lane with paved shoulders from Design Ch.0.000 to Ch. 34.566,81.85066102774041,agency,19.345,state,14.495,physical_progress,-7.173,elapsed_ratio,6.398,snapshot_index,-4.283
619152,Bakhtiyarpur Km 153.300 to Mokama Km 197.900,97.9477548193417,state,15.472,agency,13.332,elapsed_ratio,8.807,months_past_orig_doc,5.291,doc_slip_to_date_m,-3.715
619153,4L of HP/Punjab Border - Mo from km. 11.00 to km. 42.00 of Old NH-20 New NH-154 Package-IA,97.15338041288526,agency,15.75,state,10.594,elapsed_ratio,7.224,financial_progress_pct,6.846,cost_revision_to_date_pct,-4.277
619154,Construction of Four Lane Highway from Ghazipur- Ballia-UP/Bihar State Border Greenfield section of NH-31 Package III [from Pindari km 78.150 to Rawalganj Bypass Km 117.120] on EPC Mode in the state of Uttar Pradesh.,78.5608376364537,agency,14.571,elapsed_ratio,8.257,financial_progress_pct,7.05,cost_revision_to_date_pct,-5.675,snapshot_index,-3.272
619161,Access Controlled Highway of 4 Lane with Paved Shoulders from Tiruvallur Design Chainage Km 1756 to TN/AP Broder Design Chainage Km 6151 of NH-716 Chennai- Tirupati Package-1,79.3137210497121,agency,17.62,doc_slip_to_date_m,5.227,elapsed_ratio,4.305,progress_gap_pct,-3.275,cost_per_month_planned,3.165
619163,4L of Baramati to Indapur Pkg-II from km. 41.400 to km. 84.550 of NH-965G Saint Tukaram Marg,95.3450509795074,agency,16.593,elapsed_ratio,8.188,doc_slip_to_date_m,-5.794,months_past_orig_doc,5.502,cost_revision_to_date_pct,4.107
619186,Construction of Balance works of Major Bridge over Middle Strait Creek between Km.106.590 to km108.553 of NH-04 connecting South Andaman & Baratang Island in the Union Territory of Andaman & Nicobar Islands on EPC basis,52.47369209654463,agency,-9.669,elapsed_ratio,8.085,cost_revision_to_date_pct,-6.498,approval_to_start_lag_m,5.053,doc_slip_to_date_m,4.373
619204,"Capacity Augmentation in the stretch of Pimpri Sado Vadape section of NH848 Km. 460900 to Km. 537000 by Construction of Slip/Service Road on either side at various locations total length 25.140 Km LHSRHS, Flyover 2 x 25m at Borivali Junction Km. 528550 & LVUP 1 x 15m at Sherekarpada Km. 528800",46.51180526086688,elapsed_ratio,-14.784,agency,14.231,orig_duration_m,10.418,financial_progress_pct,-8.28,cost_revision_to_date_pct,-6.402
619206,6L of Perole Nileshwar town to Taliparamba from Km 94.248 to Km 134.650 of NH-66,67.54866158985814,agency,15.652,cost_revision_to_date_pct,-11.06,doc_slip_to_date_m,-9.645,elapsed_ratio,8.863,months_past_orig_doc,5.034
619221,Realignment of Rudrapur-Kathgodam Section of NH-87 New NH-109 From Design Chainage 000 Existing Chainage Km.54050 To Design Chainage 7875 Existing Chainage Km.61550 Due To Proposed Expansion Of Pantnagar Airport in the state of Uttarakhand.,18.36556168224936,elapsed_ratio,-14.566,agency,10.384,cost_revision_to_date_pct,-9.686,orig_duration_m,8.583,financial_progress_pct,-8.458
619222,"Balance works of four lane from km 43.950 Thiruvallur Bypass to km 61.470 Veppampattu Bypass passing through Thannerkulam, Thozur and Sevapet Bypass 17.520 kms of Tirupathi- Tiruttani- Chennai section of NH 205",68.03754583074596,agency,11.454,financial_progress_pct,7.359,elapsed_ratio,7.051,cost_revision_to_date_pct,-6.235,progress_gap_pct,5.702
619227,Network Expansion Scheme in Maharashtra for removal of Transmission constraints in Pune Region-I [765/400kV AIS Pune East],18.44582685797283,elapsed_ratio,-20.429,agency,8.046,cost_revision_to_date_pct,-5.787,doc_slip_to_date_m,4.998,financial_progress_pct,-4.99
619289,4L of Munger Mirzachauki section from Munger to Kharia village junction from Km 69520 to Km 95580 Pkg-1,94.73986500440496,agency,18.102,state,11.802,elapsed_ratio,8.357,months_past_orig_doc,4.283,cost_revision_to_date_pct,-4.054
619301,Construction of Approach Road to Rail-cum- Road Bridge across river Ganga at Munger Ghat NH-333 B,95.39545908971124,state,13.367,agency,12.157,elapsed_ratio,9.089,months_past_orig_doc,8.357,doc_slip_to_date_m,-5.941
619306,4L of Munger Mirzachauki section from Km 95580 to Km 125000 Pkg-2,94.41831734994402,agency,18.699,state,12.535,elapsed_ratio,7.753,months_past_orig_doc,5.202,cost_revision_to_date_pct,-4.195
701167,AIIMS Kashmir at Awantipora Jammu & Kashmir,55.63880084654955,cost_revision_to_date_pct,-10.202,elapsed_ratio,9.585,orig_duration_m,-6.362,physical_progress,3.729,financial_progress_pct,3.214
701346,North East Gas Grid,39.469220124732495,sector,-11.645,doc_slip_to_date_m,-10.787,elapsed_ratio,10.059,orig_duration_m,-7.446,agency,6.218
701372,Sardar Sarovar Project,42.978982765172574,orig_duration_m,-11.674,doc_slip_to_date_m,-11.412,elapsed_ratio,9.17,months_past_orig_doc,6.459,ministry,-5.886
701415,Polavaram Irrigation Project,46.30694644203143,cost_revision_to_date_pct,-11.139,orig_duration_m,-9.38,elapsed_ratio,9.164,months_past_orig_doc,5.899,financial_progress_pct,5.373
701593,4G Services by BSNL,50.028762429642335,cost_revision_to_date_pct,9.688,elapsed_ratio,8.008,sector,-5.651,agency,-4.318,ministry,-3.613
701745,New Suburba Station Development Project,34.0913084092609,elapsed_ratio,11.062,sector,-9.509,agency,-8.816,cost_revision_to_date_pct,-5.029,progress_velocity_3m,-4.983
702629,Agra Metro Rail Project,24.48557833333642,sector,-13.25,doc_slip_to_date_m,-10.891,agency,-8.707,elapsed_ratio,8.607,orig_duration_m,-6.162
702958,Lucknow Sewerage Management Infrastructure Project,47.62080689760943,cost_revision_to_date_pct,-10.992,elapsed_ratio,8.446,agency,5.97,ministry,-5.704,doc_slip_to_date_m,-5.39
705298,North Region Video Surveillance Project,51.07132620324233,elapsed_ratio,6.987,cost_revision_to_date_pct,-4.863,agency,-4.146,orig_duration_m,3.968,sector,-3.034
705392,Dimapur-Kohima 88 km,27.951625773438103,cost_revision_to_date_pct,-12.359,doc_slip_to_date_m,-9.391,state,-9.377,elapsed_ratio,7.737,orig_duration_m,-7.691
705433,Dallirajhra- Rowghat New Railway Line - Phase I [95 km],46.42974456241651,elapsed_ratio,11.513,orig_duration_m,-8.645,cost_revision_to_date_pct,-5.998,state,-5.351,agency,-4.467
705457,Ratlam-Mhow-Khandwa-Akola 472.64 km including material modification for Fatehabad-Chandrawati Ganj-Ujjain 22.96 km and Rau-DADN doubling 9.40 km,45.54400013546961,cost_revision_to_date_pct,-12.679,orig_duration_m,-10.067,financial_progress_pct,9.61,state,7.255,elapsed_ratio,6.678
705493,Hubli-Ankola 167 km,77.45876245885594,cost_revision_to_date_pct,24.686,doc_slip_to_date_m,-16.441,orig_duration_m,15.753,months_past_orig_doc,9.134,financial_progress_pct,-4.206
705668,Kharagpur-Adityapur - 3rd line 132 km,53.35102471435545,elapsed_ratio,11.118,cost_revision_to_date_pct,-7.754,orig_duration_m,-6.066,sector,-5.036,financial_progress_pct,3.874
705761,Shimoga-Shikaripura-Ranebennur 103 km umbrella work PB23/2018-19/NR,53.2000613531669,cost_revision_to_date_pct,22.651,elapsed_ratio,-11.723,orig_duration_m,-10.17,approval_to_start_lag_m,4.103,months_past_orig_doc,-3.621
705785,Lodhma-Piska - Link line bypassing Hatia / Ranchi with Y connection 17.2 km,51.93386860064624,elapsed_ratio,5.172,doc_slip_to_date_m,4.436,cost_revision_to_date_pct,-4.281,sector,-3.184,approval_to_start_lag_m,2.42
705919,Agra Fort-Bandikui Doubling Line Project,21.928821558972576,orig_duration_m,-11.935,cost_revision_to_date_pct,-6.995,doc_slip_to_date_m,5.702,sector,-5.553,ministry,-3.293
706865,Chandorgaon-Cansaulim rail flyover 16 km Umbrella work PB57/2019-20/NR,46.53842695544358,elapsed_ratio,9.859,doc_slip_to_date_m,9.167,cost_revision_to_date_pct,-8.222,orig_duration_m,-4.441,months_past_orig_doc,-3.997
707052,Establishment of new GMC Handwara [Distt. Kupwara],58.963427251157526,elapsed_ratio,7.594,months_past_orig_doc,6.313,cost_revision_to_date_pct,-6.177,orig_duration_m,-5.878,financial_progress_pct,2.57
707087,Establishment of new GMC Pithoragarh,48.573509574272805,cost_revision_to_date_pct,-10.471,elapsed_ratio,7.695,agency,-6.514,financial_progress_pct,5.635,doc_slip_to_date_m,5.453
709815,4th line - Bhatapara-Hathband 8.8 km PB72/NR/2022-23,14.260308068045092,cost_revision_to_date_pct,-8.333,orig_duration_m,-7.016,d_physical_progress,-4.127,financial_progress_pct,-3.719,months_past_orig_doc,-3.652
738679,Stamp Charge Battery No.7 Battery Proper at RSP,19.53242075851695,orig_duration_m,-11.472,elapsed_ratio,-10.803,doc_slip_to_date_m,5.913,cost_revision_to_date_pct,-4.802,financial_progress_pct,3.619
946208,Amended BharatNet Program - SKM,8.219209418438647,elapsed_ratio,-21.872,cost_revision_to_date_pct,-4.673,agency,-4.257,orig_duration_m,-3.257,months_elapsed,-2.699
